Time,Mean Abs. Temp. T1 / °C,Mean Abs. Temp. T2 / °C,Mean Room Temp. / °C
17-Nov-2021 12:45:09,22.1547517347734,22.1347122618074,20.6833173331255
17-Nov-2021 12:45:22,22.369362723311,22.3446306040094,20.6976512787852
17-Nov-2021 12:45:34,22.5625933243581,22.5443641914459,20.6338773237385
17-Nov-2021 12:45:46,22.7286885092496,22.7259365414091,20.6641544522679
17-Nov-2021 12:45:58,22.8907274124039,22.9063684489862,20.7059296761374
17-Nov-2021 12:46:11,23.0559952036483,23.0907978110443,20.7181940560149
17-Nov-2021 12:46:23,23.2196605076292,23.273703451161,20.7174275308642
17-Nov-2021 12:46:35,23.3856347700943,23.4575394058627,20.7005640229133
17-Nov-2021 12:46:47,23.5522308636488,23.6410786148353,20.6533466375684
17-Nov-2021 12:47:00,23.7162271645385,23.8241676189697,20.682550815323
17-Nov-2021 12:47:12,23.878083556254,24.0072666041898,20.6829340776991
17-Nov-2021 12:47:24,24.0451643607709,24.1918331116705,20.6244493124374
17-Nov-2021 12:47:36,24.2104889405261,24.3733410719734,20.7020204136638
17-Nov-2021 12:47:49,24.373289815734,24.5558562172883,20.7204169803335
17-Nov-2021 12:48:01,24.537940010093,24.7355424351033,20.7643391994007
17-Nov-2021 12:48:13,24.6979177550544,24.9127061919815,20.7496217433393
17-Nov-2021 12:48:25,24.846239658431,25.0868866883107,20.7874886625854
17-Nov-2021 12:48:37,25.004927562729,25.2648363525455,20.753837677135
17-Nov-2021 12:48:50,25.1712970158678,25.4364258970036,20.7260126236468
17-Nov-2021 12:49:02,25.3432770558449,25.6139336159403,20.7414198545864
17-Nov-2021 12:49:14,25.510507493507,25.7901459697108,20.7630360890747
17-Nov-2021 12:49:26,25.6723736190333,25.9633741840969,20.818993651932
17-Nov-2021 12:49:39,25.8295654520918,26.1281680206684,20.8261225591278
17-Nov-2021 12:49:51,25.9823893677258,26.2912812082407,20.8524153254982
17-Nov-2021 12:50:03,26.1273136987266,26.455477025132,20.8527219479859
17-Nov-2021 12:50:15,26.2737028432156,26.6226748436044,20.8215999271003
17-Nov-2021 12:50:28,26.423936821807,26.7735285064249,20.8559414849594
17-Nov-2021 12:50:40,26.5820083460328,26.9352143125034,20.8807780170263
17-Nov-2021 12:50:52,26.7461526554184,27.1013611163454,20.8386173464704
17-Nov-2021 12:51:04,26.8964845576502,27.2623716645581,20.8472794047507
17-Nov-2021 12:51:17,27.0503552375417,27.4240042300644,20.8555582118768
17-Nov-2021 12:51:29,27.1902577517829,27.5752778638906,20.8787849539562
17-Nov-2021 12:51:41,27.3287838809414,27.7290157195718,20.8807780156075
17-Nov-2021 12:51:53,27.4799866114499,27.8746200992683,20.8864505821905
17-Nov-2021 12:52:06,27.6380310777718,28.0296772839058,20.8566313860233
17-Nov-2021 12:52:18,27.7851005110403,28.1758323395615,20.8595443062892
17-Nov-2021 12:52:30,27.9294114658736,28.3238371463586,20.8963393591725
17-Nov-2021 12:52:42,28.0811020982629,28.4730774547172,21.0280378859639
17-Nov-2021 12:52:55,28.219357760623,28.613029873862,21.2580245882023
17-Nov-2021 12:53:07,28.3523189942464,28.7542940265001,21.1556019111117
17-Nov-2021 12:53:19,28.4772966086563,28.8877284401207,20.9396505411582
17-Nov-2021 12:53:31,28.6005888574768,29.0237033356885,20.9465497154863
17-Nov-2021 12:53:44,28.7299545680522,29.1561497158413,20.9269253994881
17-Nov-2021 12:53:56,28.8560986207689,29.2819171598658,20.9242423857182
17-Nov-2021 12:54:08,28.9867802579651,29.4154493933785,20.926695425701
17-Nov-2021 12:54:20,29.1221536706864,29.5562094934084,20.9452465414544
17-Nov-2021 12:54:32,29.2576093763851,29.6939019412522,20.8931963495807
17-Nov-2021 12:54:45,29.3826975525981,29.8141569482015,20.8949594610833
17-Nov-2021 12:54:57,29.5016432232246,29.9347236434129,20.9325980344145
17-Nov-2021 12:55:09,29.6378058397168,30.060059195499,20.9214827273857
17-Nov-2021 12:55:27,30.0545503899044,30.3945922501466,21.2515847198036
17-Nov-2021 12:55:47,31.1750904902546,31.3751740024743,21.3379869251551
17-Nov-2021 12:56:05,32.3346118891613,32.2303908375774,21.4632625967452
17-Nov-2021 12:56:26,33.8098123953201,33.6501337802097,22.2573459359544
17-Nov-2021 12:56:43,34.6831007580222,34.5834969131507,21.9835055436484
17-Nov-2021 12:57:00,35.4253711054707,35.3628710091052,21.746338380487
17-Nov-2021 12:57:16,36.1870541693006,36.1587477726787,21.6662129510079
17-Nov-2021 12:57:33,36.9619254048598,36.9312501667069,21.5420798025465
17-Nov-2021 12:57:50,37.6537090089551,37.6520949154684,21.5056611069353
17-Nov-2021 12:58:08,38.3262979910313,38.3415095088691,21.6856882307374
17-Nov-2021 12:58:27,39.1211611829105,39.1219904359189,21.5729784735645
17-Nov-2021 12:58:46,39.724908676641,39.7902822465565,21.5478301356866
17-Nov-2021 12:59:06,40.4053152067557,40.44498644054,21.7556928708116
17-Nov-2021 12:59:25,41.3329935737592,41.2295052751717,21.8621211032098
17-Nov-2021 12:59:45,42.2641692484972,42.1096870208828,21.8637313527951
17-Nov-2021 13:00:05,43.2373452769697,43.0667831810217,21.9197072360346
17-Nov-2021 13:00:21,43.897630928426,43.7350926960323,21.9759141061641
17-Nov-2021 13:00:38,44.5257062119783,44.4229846293008,21.9034511305616
17-Nov-2021 13:01:00,45.1781407604519,45.1049201601495,21.9940109224782
17-Nov-2021 13:01:18,45.7802812280606,45.7406695587907,21.8615843790612
17-Nov-2021 13:01:36,46.0921647040693,46.1207102770924,21.7791558666865
17-Nov-2021 13:01:53,46.6017118131619,46.5651240726974,21.9982284546844
17-Nov-2021 13:02:09,47.3261621466025,47.1891792366727,22.0160186146002
17-Nov-2021 13:02:28,47.6646894024388,47.6030663163631,22.0086571859711
17-Nov-2021 13:02:45,48.1155203827861,48.0126782463401,22.1444636419282
17-Nov-2021 13:03:02,48.5642481622489,48.4481487442068,22.0892508553844
17-Nov-2021 13:03:22,48.7116994259915,48.7123485275235,22.0160186291703
17-Nov-2021 13:03:41,48.9943326313318,48.9459652719157,22.2838032740551
17-Nov-2021 13:03:57,49.3604696673154,49.2219523716107,22.2074226498852
17-Nov-2021 13:04:15,49.5868811408982,49.4505806987113,22.243848932442
17-Nov-2021 13:04:33,49.8905392252544,49.7462439717702,22.1205380051696
17-Nov-2021 13:04:50,50.1282747559262,49.9865815461006,22.2253673455188
17-Nov-2021 13:05:09,50.5730979549622,50.3374172782364,22.2798154796418
17-Nov-2021 13:05:29,50.7293762562979,50.5582354676686,22.1123327568248
17-Nov-2021 13:05:45,50.9325258243195,50.7549429859081,22.2977605746722
17-Nov-2021 13:06:03,51.4127256641106,51.0934091525136,22.4566630008959
17-Nov-2021 13:06:22,51.8973264855405,51.5174489227424,22.3955398851739
17-Nov-2021 13:06:43,52.0026098303502,51.7585329803626,22.2260575378777
17-Nov-2021 13:06:59,52.1159421418624,51.9029442965767,22.3338811415729
17-Nov-2021 13:07:18,52.5354983258809,52.2551422502856,22.4223050886111
17-Nov-2021 13:07:37,52.8439906527352,52.5168588477029,22.4147893529066
17-Nov-2021 13:07:56,53.1136642260404,52.8274950202703,22.3660907705239
17-Nov-2021 13:08:13,53.1744889536821,52.9652983500589,22.3724560815537
17-Nov-2021 13:08:31,53.6162363747691,53.238832800406,22.5327425028124
17-Nov-2021 13:08:48,53.9433281138959,53.5277899980639,22.6306053768853
17-Nov-2021 13:09:09,54.1387006864433,53.7492840974086,22.577378659202
17-Nov-2021 13:09:31,54.4001958870145,54.0134401128128,22.5905702104274
17-Nov-2021 13:09:50,54.7364230870604,54.2897698752872,22.5957088084818
17-Nov-2021 13:10:10,55.0328855133492,54.6223248389869,22.5866587689949
17-Nov-2021 13:10:31,55.2167844486251,54.866111190905,22.5589719231106
17-Nov-2021 13:10:49,55.4106830262748,55.0585826502672,22.576228232517
17-Nov-2021 13:11:10,55.5376834045893,55.2227263866354,22.5397216644744
17-Nov-2021 13:11:31,55.7832571248283,55.4304727547708,22.592027420072
17-Nov-2021 13:11:51,56.0851570246119,55.6822170565982,22.6242395877287
17-Nov-2021 13:12:07,56.1159836609911,55.776771290177,22.7294681540919
17-Nov-2021 13:12:24,56.1557178935424,55.8627320081316,22.5657210470467
17-Nov-2021 13:12:45,56.3575721384348,56.010961406698,22.7194207038026
17-Nov-2021 13:13:06,56.6646369690012,56.2713468548834,22.5342763905238
17-Nov-2021 13:13:24,56.7084835881868,56.3680091110867,22.5133390406969
17-Nov-2021 13:13:40,56.8474640432373,56.4606463993732,22.6547647593518
17-Nov-2021 13:13:58,56.8035381564635,56.5264080506359,22.5516859673035
17-Nov-2021 13:14:16,56.8216662895026,56.5666092839078,22.7082995290301
17-Nov-2021 13:14:33,57.0755471590782,56.6683925851382,22.6835261231933
17-Nov-2021 13:14:51,57.0792660372816,56.7127785193765,22.7479525285085
17-Nov-2021 13:15:07,57.1930811621417,56.7561580147201,22.8502703500838
17-Nov-2021 13:15:26,57.2497189867706,56.8814194807901,22.5266837332266
17-Nov-2021 13:15:43,57.1589904354834,56.9661692464827,22.3675479061763
17-Nov-2021 13:16:04,57.0828299585812,56.9407595847479,22.3117945887494
17-Nov-2021 13:16:21,57.0545510799742,56.8443905602667,22.5800629937444
17-Nov-2021 13:16:42,57.2222134982456,56.7839676676111,22.8172123064778
17-Nov-2021 13:17:00,57.3129437494037,56.8859900246652,22.5445535249396
17-Nov-2021 13:17:17,57.3129438062639,56.9732189211052,22.7610681240545
17-Nov-2021 13:17:33,57.6594616365489,57.1555083393361,22.9699262581574
17-Nov-2021 13:17:53,57.9885785225252,57.3929721395249,23.0791543768417
17-Nov-2021 13:18:13,58.1928690451051,57.6259588195366,22.9838863936968
17-Nov-2021 13:18:30,58.4207343683137,57.9040610289105,22.8429070246587
17-Nov-2021 13:18:46,58.3906614468254,58.0340928330278,22.843213835521
17-Nov-2021 13:19:03,58.4642165799991,58.0610607344572,22.9281995956548
17-Nov-2021 13:19:22,58.6718694116276,58.2059782156174,23.0259972688554
17-Nov-2021 13:19:39,58.9444188634733,58.4580876554165,23.0007613610908
17-Nov-2021 13:19:57,58.9865900443228,58.565586787382,22.9359466189697
17-Nov-2021 13:20:18,58.8522487367556,58.6173612258107,22.5739273857303
17-Nov-2021 13:20:37,58.867984926222,58.6065102287378,22.8731274174684
17-Nov-2021 13:20:55,58.8802328367481,58.5543484309489,22.8310183933392
17-Nov-2021 13:21:14,58.8014748718035,58.5370646885574,22.8111530488181
17-Nov-2021 13:21:31,58.8317841350934,58.4621953440584,22.9627161118637
17-Nov-2021 13:21:50,59.0864386837064,58.5918614432628,22.9388613336878
17-Nov-2021 13:22:12,58.936124208813,58.5444277066929,22.7948925616112
17-Nov-2021 13:22:29,59.0006213813126,58.5765926632367,22.8600881608683
17-Nov-2021 13:22:51,58.9765898520956,58.5819406030844,22.8185928808288
17-Nov-2021 13:23:10,58.7958161575463,58.5413274845491,22.603761820348
17-Nov-2021 13:23:30,58.7208584234139,58.5059076725263,22.625390027651
17-Nov-2021 13:23:48,58.6184628555616,58.3666347363298,22.6432602807135
17-Nov-2021 13:24:07,58.4897170981847,58.2370549111205,22.6602869204083
17-Nov-2021 13:24:26,58.4409639884562,58.0983356967091,22.8754283927005
17-Nov-2021 13:24:45,58.4037601942222,57.9665965496438,22.7795526069806
17-Nov-2021 13:25:05,58.3343142158999,57.8894153260891,23.0969503700638
17-Nov-2021 13:25:23,58.5500975405582,57.9901542212982,23.1260223048387
17-Nov-2021 13:25:41,58.6825663088394,58.1038378590052,23.2827392990122
17-Nov-2021 13:26:01,58.828605851062,58.2589870298564,22.9364835305227
17-Nov-2021 13:26:18,58.87193835054,58.343926897088,22.8179025783394
17-Nov-2021 13:26:38,58.8275206091462,58.3388118447031,22.9868778604716
17-Nov-2021 13:26:58,58.9033334488071,58.4621953371328,22.6349771318236
17-Nov-2021 13:27:14,58.8405435465816,58.5079227926542,22.6810718547297
17-Nov-2021 13:27:30,58.8956590747224,58.4811062752422,22.9745285200628
17-Nov-2021 13:27:49,59.017443579247,58.4921118723715,23.220220403828
17-Nov-2021 13:28:08,59.0512432535679,58.5556660289935,23.0131108461792
17-Nov-2021 13:28:29,58.9180621200501,58.5344295044526,23.0039829849789
17-Nov-2021 13:28:49,58.9869001363148,58.5314067991112,23.1066153887805
17-Nov-2021 13:29:08,59.0464368452682,58.583878263264,23.0690291549476
17-Nov-2021 13:29:26,58.9838768002105,58.584963354055,22.9288132298122
17-Nov-2021 13:29:45,58.946589405029,58.5957367739737,22.9858807020615
17-Nov-2021 13:30:03,58.9310078930546,58.5394673548873,23.3078239185567
17-Nov-2021 13:30:23,58.976977440505,58.5151307372655,23.3528539174839
17-Nov-2021 13:30:44,58.9568995988799,58.5260589412436,23.0393440242788
17-Nov-2021 13:31:05,58.9418606803231,58.5627190652223,22.8975185696577
17-Nov-2021 13:31:23,58.8572874048471,58.5396998703174,22.9487560530564
17-Nov-2021 13:31:39,58.8170557761574,58.4656054991708,22.9142396921916
17-Nov-2021 13:31:59,58.7555077536831,58.4036806095167,22.9236741496034
17-Nov-2021 13:32:15,58.7333383436141,58.3449344124166,23.0776971459745
17-Nov-2021 13:32:35,58.7297726489324,58.2453472459365,23.2087139737564
17-Nov-2021 13:32:52,58.789072214627,58.2829342679452,23.1344601428603
17-Nov-2021 13:33:13,58.7285324070714,58.2827017694545,23.2594193366271
17-Nov-2021 13:33:31,58.8451170958011,58.3112216891726,23.4543462529857
17-Nov-2021 13:33:51,58.9935669820133,58.4082532563928,23.3032212822931
17-Nov-2021 13:34:09,59.1803208397627,58.578220295765,23.2550467205795
17-Nov-2021 13:34:26,59.1544273925667,58.6461165406795,23.1676747845861
17-Nov-2021 13:34:46,59.1734210731047,58.7465683207303,23.2105550074039
17-Nov-2021 13:35:06,59.2908741771476,58.8500461272407,23.3443388155828
17-Nov-2021 13:35:29,59.3712718458137,58.9185680335877,23.1127519848618
17-Nov-2021 13:35:50,59.2805629351522,58.9060107465246,22.9871080241071
17-Nov-2021 13:36:11,59.2557540915278,58.8383417327611,23.1763427693634
17-Nov-2021 13:36:28,59.2921146163171,58.8506662266076,22.950827056195
17-Nov-2021 13:36:44,59.2449778075692,58.8781833448191,23.0445600533211
17-Nov-2021 13:37:02,59.2811831585535,58.8894227958914,23.0445599715556
17-Nov-2021 13:37:19,59.2616461747276,58.8741526544168,22.9810483372251
17-Nov-2021 13:37:39,59.1425660911135,58.8374890961317,22.8426769224169
17-Nov-2021 13:37:54,59.1397752038048,58.8681066273572,22.9117085413782
17-Nov-2021 13:38:14,59.2349768313926,58.7764099027337,23.2587288908428
17-Nov-2021 13:38:31,59.2951382168854,58.783153362092,23.303758188993
17-Nov-2021 13:38:49,59.2856797821454,58.79795801757,23.4110792995488
17-Nov-2021 13:39:11,59.473458021298,58.8855471229002,23.4537325297613
17-Nov-2021 13:39:27,59.5832457371538,59.0170126157479,23.3118896117425
17-Nov-2021 13:39:46,59.5654127412903,59.1097237187133,23.0642734278912
17-Nov-2021 13:40:05,59.6576026254046,59.1884061561835,23.2942459642238
17-Nov-2021 13:40:25,59.7521987643432,59.2518185801073,23.1503386563501
17-Nov-2021 13:40:42,59.7203304201792,59.3066271121013,22.9951619832527
17-Nov-2021 13:41:03,59.7473913619179,59.3239148571698,23.2301160392039
17-Nov-2021 13:41:24,59.7824390867198,59.3601186319342,22.8068577812171
17-Nov-2021 13:41:40,59.7045902042361,59.3897331473515,22.7709622674317
17-Nov-2021 13:41:59,59.7138947561439,59.3409701202325,23.1768798491003
17-Nov-2021 13:42:15,59.8077171002108,59.3281011407183,23.4001092202589
17-Nov-2021 13:42:33,59.8177973428638,59.3858568908413,22.9844235535226
17-Nov-2021 13:42:49,59.7653028679902,59.4609020936009,22.8891581158316
17-Nov-2021 13:43:08,59.7556104815078,59.3726776355387,23.1530234635267
17-Nov-2021 13:43:30,59.927286292569,59.4124481294425,23.377939030079
17-Nov-2021 13:43:47,59.9710208365745,59.4932309743564,23.0124207640499
17-Nov-2021 13:44:09,59.9183688701283,59.5036972283465,23.4182904344793
17-Nov-2021 13:44:29,60.2694237546559,59.6425526573103,23.2260504459564
17-Nov-2021 13:44:52,60.6465755204076,60.0148005251155,23.2279680575274
17-Nov-2021 13:45:12,60.8513397222397,60.2699163863255,23.0204745033669
17-Nov-2021 13:45:31,60.9553554133993,60.4305951215188,22.9935511587987
17-Nov-2021 13:45:50,60.8533563686612,60.4510682618229,22.9281228948026
17-Nov-2021 13:46:07,60.7383300337293,60.4529294648028,22.8880075035054
17-Nov-2021 13:46:25,60.6402156259693,60.357699362381,23.2480661518825
17-Nov-2021 13:46:41,60.6368030113082,60.2539419803759,23.2652493137624
17-Nov-2021 13:47:00,60.5137958062255,60.1816704367918,22.9924772947363
17-Nov-2021 13:47:21,60.4191004344839,60.0276721643397,23.2156178047767
17-Nov-2021 13:47:38,60.3308445965567,59.9196605047033,22.9874915400581
17-Nov-2021 13:47:58,60.2932318845903,59.8935304373284,23.1980513888745
17-Nov-2021 13:48:15,60.3261914556989,59.8061473742295,23.2861912879409
17-Nov-2021 13:48:35,60.5159674362972,59.9195054499875,23.4837282047261
17-Nov-2021 13:48:57,60.7886681021116,60.2127656163511,23.1391394504716
17-Nov-2021 13:49:15,60.7974327674121,60.2867438507204,23.3247004880976
17-Nov-2021 13:49:35,60.9948372493449,60.4140771112145,23.1728909007204
17-Nov-2021 13:49:52,61.0150825361334,60.4515335619373,23.3414237397941
17-Nov-2021 13:50:12,60.9542694926434,60.4985292092881,22.9108647765616
17-Nov-2021 13:50:34,60.970325884536,60.5279987658496,23.4662371505199
17-Nov-2021 13:50:53,61.2293333773617,60.6335484561377,23.5404982590705
17-Nov-2021 13:51:11,61.291547807656,60.7156794425789,23.3978078072168
17-Nov-2021 13:51:28,61.2676548351171,60.7426691095677,23.179718046336
17-Nov-2021 13:51:45,61.245934102243,60.8089032890936,23.0854443046883
17-Nov-2021 13:52:04,61.2044323861925,60.7413506429424,23.2036511474364
17-Nov-2021 13:52:24,61.2951938363136,60.7482532039445,23.5511619466617
17-Nov-2021 13:52:43,61.4561657186522,60.8455886016113,23.4449870835024
17-Nov-2021 13:53:00,61.5875090619776,60.9450985752642,23.3814679890216
17-Nov-2021 13:53:19,61.7090819117048,61.0772660700495,23.3074403691976
17-Nov-2021 13:53:35,61.5691998034463,61.0631493349849,23.0404946123933
17-Nov-2021 13:53:53,61.5900693174649,61.1392408005018,23.1672144676871
17-Nov-2021 13:54:12,61.8545562094046,61.2804916162427,22.9700796621479
17-Nov-2021 13:54:31,61.7682794633096,61.2128518039179,23.2196067580516
17-Nov-2021 13:54:47,61.8441594316178,61.2218496806883,23.3948926997136
17-Nov-2021 13:55:04,61.9845962413482,61.347977648681,23.22957906981
17-Nov-2021 13:55:21,61.7280125950708,61.2874728595331,22.9385545619711
17-Nov-2021 13:55:38,61.6073700307265,61.2823532741407,23.0964134047751
17-Nov-2021 13:55:58,61.7225040577489,61.2084304427521,23.3568429620459
17-Nov-2021 13:56:16,61.7992364133097,61.1960196352944,23.459869790819
17-Nov-2021 13:56:34,61.8361679040485,61.2921270357038,23.3108923542314
17-Nov-2021 13:56:54,61.7827880930588,61.3402205656388,23.5294510273269
17-Nov-2021 13:57:11,61.9122821754599,61.408793829332,23.2324940104857
17-Nov-2021 13:57:28,61.8114951350085,61.3724901585541,23.3549252258787
17-Nov-2021 13:57:47,61.7992364136576,61.3564328927951,23.1211899522424
17-Nov-2021 13:58:07,61.7252971041846,61.3010475573656,23.3416539556796
17-Nov-2021 13:58:26,61.8086244223255,61.2710281587926,23.396733836234
17-Nov-2021 13:58:46,61.8794620351574,61.3462710882522,23.1936022923879
17-Nov-2021 13:59:06,61.9839755295649,61.422058734416,23.4021804928983
17-Nov-2021 13:59:25,62.1796658152643,61.5163884461039,23.5752511875379
17-Nov-2021 13:59:46,62.1214696337043,61.5707688823768,23.3632868629255
17-Nov-2021 14:00:05,62.1206936985671,61.5852756542581,23.5592172253558
17-Nov-2021 14:00:24,62.1716734805659,61.579690153528,23.5472493445452
17-Nov-2021 14:00:44,62.0063993807914,61.553314294645,23.1102208384585
17-Nov-2021 14:01:01,61.9474303508718,61.5674331102131,23.1052347314962
17-Nov-2021 14:01:19,62.1864166376953,61.6135911950334,23.2158480049501
17-Nov-2021 14:01:37,62.0791034728931,61.5654161370036,23.3495553352162
17-Nov-2021 14:01:56,61.9436284257903,61.4663530247709,23.3800103022875
17-Nov-2021 14:02:14,62.0162535167274,61.4268682413051,23.3999557924318
17-Nov-2021 14:02:34,61.9451026368826,61.4311347458588,23.0737849755783
17-Nov-2021 14:02:52,61.7935725867272,61.4337722251677,22.8460517634601
17-Nov-2021 14:03:10,61.6738586702689,61.3506150779435,22.9568867131681
17-Nov-2021 14:03:30,61.5138071855186,61.1458339092137,22.9116318126858
17-Nov-2021 14:03:48,61.4001543729248,61.0597365104468,22.7507903780966
17-Nov-2021 14:04:06,61.2571823209506,60.8941410345364,23.0252302316285
17-Nov-2021 14:04:22,61.1743342707273,60.7065278306827,23.4024873609305
17-Nov-2021 14:04:39,61.197916288764,60.627344123275,23.3648978094833
17-Nov-2021 14:04:56,61.1177071138126,60.5699545590575,23.4425321726291
17-Nov-2021 14:05:14,61.2881345550344,60.6485940319536,23.701991251088
17-Nov-2021 14:05:32,61.4253671386404,60.8209248596937,23.2329543123332
17-Nov-2021 14:05:50,61.2327465852234,60.7614379093463,23.1875423100581
17-Nov-2021 14:06:09,61.0978490575736,60.6541004039189,23.2035744681188
17-Nov-2021 14:06:26,61.0399820961327,60.6133068502636,23.3833856695987
17-Nov-2021 14:06:45,61.1273259022161,60.556848165807,23.4464446325948
17-Nov-2021 14:07:03,61.1153799872845,60.5155129486129,23.3336758261871
17-Nov-2021 14:07:22,61.0572024436996,60.5048884071749,23.2605698887827
17-Nov-2021 14:07:40,61.0115143994757,60.476814967396,23.1070756556059
17-Nov-2021 14:08:01,61.0481268965185,60.4949618698227,23.3687334569344
17-Nov-2021 14:08:19,61.27556742061,60.6334708995562,23.5729496564893
17-Nov-2021 14:08:40,61.3595816582704,60.7152916652352,23.6468296171689
17-Nov-2021 14:08:56,61.5117901132794,60.8266642120141,23.5373528757528
17-Nov-2021 14:09:16,61.6300241181088,60.9664280619221,23.4551901138595
17-Nov-2021 14:09:38,61.9212825593424,61.2341054688525,23.6117690293232
17-Nov-2021 14:09:56,62.1949522184186,61.5063037457035,23.5243110123596
17-Nov-2021 14:10:17,62.2341383724262,61.6729382434874,23.2390143001341
17-Nov-2021 14:10:37,62.1258149098308,61.7042801203789,22.9808949417427
17-Nov-2021 14:10:55,62.0593948249536,61.6669647041352,23.2591125193498
17-Nov-2021 14:11:15,62.094544542315,61.556882780995,23.5642039260333
17-Nov-2021 14:11:33,62.2192398148589,61.5862065731646,23.7067479191708
17-Nov-2021 14:11:50,62.2838783316671,61.6394244861785,23.5881397965719
17-Nov-2021 14:12:08,62.2654876479051,61.6930311469804,23.4313320226926
17-Nov-2021 14:12:29,62.2487266233848,61.7291055830305,23.2359458900771
17-Nov-2021 14:12:49,62.5768239031076,61.9423794654682,23.4374690282025
17-Nov-2021 14:13:11,62.7966856915154,62.1682365419801,23.6224329093508
17-Nov-2021 14:13:31,62.7753429952276,62.20579036558,23.5110391688788
17-Nov-2021 14:13:52,62.7205511421097,62.2467586544302,23.1470403695434
17-Nov-2021 14:14:09,62.5427554359276,62.2216189648707,23.1301645082927
17-Nov-2021 14:14:30,62.374436461156,62.038741187609,23.0009147721258
17-Nov-2021 14:14:49,62.312434525393,61.9437759567425,22.8892347548081
17-Nov-2021 14:15:07,62.173923774075,61.7865927541032,23.1004788234542
17-Nov-2021 14:15:26,61.9516201988892,61.5603737087274,23.5145680620779
17-Nov-2021 14:15:44,61.9913466802863,61.4124397334611,23.7753369417082
17-Nov-2021 14:16:05,62.1570855746491,61.529033175544,23.7985838645231
17-Nov-2021 14:16:26,62.0185036838126,61.4851259162011,23.4188274605219
17-Nov-2021 14:16:44,61.9880102665296,61.4710074532363,23.7543918303182
17-Nov-2021 14:17:01,62.0325478727618,61.4817126603773,23.2754518132256
17-Nov-2021 14:17:18,61.8962988263312,61.4302814463377,23.5871425259046
17-Nov-2021 14:17:39,62.0340220808112,61.470619581992,23.7022213964907
17-Nov-2021 14:17:56,62.0569894482445,61.5065364526921,23.5894440082282
17-Nov-2021 14:18:19,61.8736429122395,61.5121218362351,23.161001087087
17-Nov-2021 14:18:35,61.756253654703,61.4369527185631,23.2331077068309
17-Nov-2021 14:18:53,61.8496682044207,61.3777650278953,23.6123828313333
17-Nov-2021 14:19:12,62.0836814627318,61.4847380457719,23.414454902867
17-Nov-2021 14:19:31,61.9085578827629,61.4174819456845,23.4173698566938
17-Nov-2021 14:19:52,61.874341193548,61.3567431772049,23.5989571319466
17-Nov-2021 14:20:09,61.8949022058869,61.3296709549789,23.5801611874501
17-Nov-2021 14:20:29,61.9164719940535,61.3503047776614,23.3640540706489
17-Nov-2021 14:20:46,61.8630908849951,61.3573637466185,23.1939092721125
17-Nov-2021 14:21:03,61.8512199367099,61.3591478850573,23.3476374633871
17-Nov-2021 14:21:20,62.0542737256459,61.4265579525486,23.5108856476158
17-Nov-2021 14:21:36,62.2228092432767,61.5291883261024,23.5803912900741
17-Nov-2021 14:21:55,62.2353799166477,61.5605288465297,23.5579897951201
17-Nov-2021 14:22:18,62.0918287668674,61.5932660435,23.1728909048666
17-Nov-2021 14:22:35,62.0293665525788,61.6481907827596,22.9604916984114
17-Nov-2021 14:22:53,61.9077819902603,61.6059886451854,22.8396855748737
17-Nov-2021 14:23:10,61.7905467120481,61.4531655290864,23.3300704603005
17-Nov-2021 14:23:28,61.7149007352234,61.2510153877973,23.5395776690009
17-Nov-2021 14:23:49,61.6418167147766,61.1238051714667,23.5233137003127
17-Nov-2021 14:24:05,61.5834747925964,61.0360019440796,23.5842271715972
17-Nov-2021 14:24:23,61.6013962231452,61.0375532169087,23.4745223565908
17-Nov-2021 14:24:40,61.6686605545734,61.0940976340309,23.4613273726265
17-Nov-2021 14:25:00,61.7956674269212,61.1950888281286,23.3760979299111
17-Nov-2021 14:25:16,61.8125813522412,61.2401557802153,23.266476610597
17-Nov-2021 14:25:35,61.9139891435108,61.3032970842347,23.5500879171285
17-Nov-2021 14:25:55,62.0130722574604,61.400881456594,23.5441039811526
17-Nov-2021 14:26:15,62.0612570659596,61.4461063491927,23.6256551138753
17-Nov-2021 14:26:34,62.2907845821518,61.636786860232,23.5655080519556
17-Nov-2021 14:26:52,62.6149280479461,61.9187161624517,23.529451063579
17-Nov-2021 14:27:10,62.7798443571207,62.1450371807705,23.5694974479468
17-Nov-2021 14:27:28,62.690361674543,62.1835218290121,23.2169985840501
17-Nov-2021 14:27:47,62.7089099201731,62.1834442411988,23.429030414515
17-Nov-2021 14:28:07,62.5849723191709,62.129907250555,23.2169986171088
17-Nov-2021 14:28:29,62.4540551636403,62.0821126431308,22.9569634050187
17-Nov-2021 14:28:50,62.3382749981013,61.9502155173722,23.367122491544
17-Nov-2021 14:29:10,62.2643236916838,61.7872909740818,23.370037693792
17-Nov-2021 14:29:26,62.2323536493475,61.716227352504,23.5066663070084
17-Nov-2021 14:29:44,62.0529546368728,61.6347698271558,23.4279564519953
17-Nov-2021 14:30:04,61.9108855611262,61.5198793173966,23.1925284234561
17-Nov-2021 14:30:20,61.8203400650989,61.4557254449978,23.2790571926237
17-Nov-2021 14:30:38,61.7754949725429,61.2996513126302,23.5470959916758
17-Nov-2021 14:30:58,61.7262281237026,61.1689487228042,23.5259221185162
17-Nov-2021 14:31:16,61.7475640740822,61.1959420681797,23.2377871685731
17-Nov-2021 14:31:34,61.6198607899164,61.2193675062781,23.2267407029811
17-Nov-2021 14:31:52,61.6558592735804,61.162976087101,23.4038682813308
17-Nov-2021 14:32:11,61.6116370563529,61.0861860113138,23.4875640668261
17-Nov-2021 14:32:29,61.7515209636289,61.1227192605971,23.5783198962077
17-Nov-2021 14:32:48,61.9814925926108,61.2981774820943,23.5326731366468
17-Nov-2021 14:33:10,62.2113249722755,61.5545555145376,23.310201949327
17-Nov-2021 14:33:28,62.2279306257585,61.660370546859,23.3754075184891
17-Nov-2021 14:33:47,62.2294049634562,61.6936517783393,23.6462925775492
17-Nov-2021 14:34:06,62.2460107220761,61.6630857842832,23.6749856982046
17-Nov-2021 14:34:26,62.2015478664222,61.661689378649,23.5359719508563
17-Nov-2021 14:34:48,62.1885893574231,61.6552503871808,23.5913619444636
17-Nov-2021 14:35:06,62.433878714157,61.7791449639127,23.5865287361988
17-Nov-2021 14:35:27,62.4774910651594,61.945637990853,23.3760980859462
17-Nov-2021 14:35:48,62.3322222560635,61.9822582679783,23.5226233092876
17-Nov-2021 14:36:06,62.3338518341422,61.9374140022497,23.3548484626934
17-Nov-2021 14:36:26,62.311348143847,61.8509081745628,23.5244645247788
17-Nov-2021 14:36:44,62.2997083644184,61.8011780396642,23.6610994221935
17-Nov-2021 14:37:02,62.3217463943057,61.8257714763069,23.4786650068312
17-Nov-2021 14:37:24,62.5112483980537,61.9422242748852,23.7546220109037
17-Nov-2021 14:37:43,62.6711926748727,62.0973199450422,23.3688869484955
17-Nov-2021 14:38:02,62.6455048402257,62.1420111917333,23.2970077139522
17-Nov-2021 14:38:19,62.7019252079643,62.1634259588816,23.3814678567256
17-Nov-2021 14:38:41,62.7574928601113,62.1908929295434,23.770349991131
17-Nov-2021 14:39:00,62.7900112248883,62.2277486841275,23.4654699432318
17-Nov-2021 14:39:17,62.6308372356914,62.2319386298752,23.3047554267269
17-Nov-2021 14:39:40,62.5089978330006,62.0797850048913,23.3219388536585
17-Nov-2021 14:39:56,62.5252169622022,62.0153875532762,23.4620944697463
17-Nov-2021 14:40:16,62.6355712534617,62.0088702971246,23.8275084904685
17-Nov-2021 14:40:34,62.7720833954481,62.1174154124657,23.7151872204617
17-Nov-2021 14:40:52,62.7198526567593,62.127579575366,23.5276098446864
17-Nov-2021 14:41:13,62.6094180037964,62.0763711287433,23.4817336461069
17-Nov-2021 14:41:34,62.5228112489662,61.9918013312011,23.44260894909
17-Nov-2021 14:41:54,62.5241305187984,61.9904823698227,23.4660070192106
17-Nov-2021 14:42:10,62.5255273842214,62.0143013413117,23.4222795671743
17-Nov-2021 14:42:29,62.3354038258278,62.0060771820404,23.085060788101
17-Nov-2021 14:42:48,62.1833128097633,61.8784501640302,23.1052346479299
17-Nov-2021 14:43:07,62.2987772346971,61.7739470406781,23.5919757743998
17-Nov-2021 14:43:22,62.5316580700813,61.8753468109299,23.5340541078804
17-Nov-2021 14:43:42,62.378316508619,61.8349261765719,23.3043718724086
17-Nov-2021 14:44:00,62.2602110212659,61.8315901383515,23.3136539756629
17-Nov-2021 14:44:17,62.2767393235611,61.7931871532266,23.0302160659051
17-Nov-2021 14:44:37,62.1433512759623,61.710719208657,22.9035013648181
17-Nov-2021 14:44:57,62.1003640654933,61.620262835728,23.1553248293846
17-Nov-2021 14:45:17,62.0742926714978,61.6114190338115,23.2907172525246
17-Nov-2021 14:45:40,62.101915949819,61.5450912756845,23.5236206058656
17-Nov-2021 14:46:00,62.1144085635731,61.5103376121829,23.5200149039085
17-Nov-2021 14:46:19,62.1319448675686,61.5371010037766,23.5330567926843
17-Nov-2021 14:46:38,62.1314017096297,61.5643300679989,23.6421498097962
17-Nov-2021 14:46:58,62.2648668913848,61.6308909452165,23.6376233219622
17-Nov-2021 14:47:16,62.3724964587111,61.7090124589895,23.3477141840182
17-Nov-2021 14:47:35,62.4251873432078,61.7752659091762,23.451431099357
17-Nov-2021 14:47:56,62.540039304484,61.9056044280218,23.5304483454514
17-Nov-2021 14:48:13,62.5233545012903,61.9659652985525,23.3513197323563
17-Nov-2021 14:48:29,62.3299718769914,61.9418363325574,22.9782869897075
17-Nov-2021 14:48:45,62.2741785914939,61.9218195145917,23.2248230358332
17-Nov-2021 14:49:06,62.2149719961513,61.7699128296483,23.2700820318773
17-Nov-2021 14:49:26,62.1255045323349,61.7704558955479,22.9757557744329
17-Nov-2021 14:49:45,62.0278147112205,61.6476477411762,23.340579934707
17-Nov-2021 14:50:05,62.0825175583564,61.5710016140762,23.3454895085456
17-Nov-2021 14:50:21,62.0417037225031,61.528024698719,23.6107718125507
17-Nov-2021 14:50:42,62.0147016840289,61.5261628953374,23.1932187878633
17-Nov-2021 14:51:01,62.0133050685657,61.5267059240378,23.3616759362439
17-Nov-2021 14:51:21,62.2063588053812,61.6091693003249,23.5919756932669
17-Nov-2021 14:51:40,62.1462998814418,61.6159960859656,23.3164156109635
17-Nov-2021 14:51:59,62.0447298200565,61.657655309192,22.999073887772
17-Nov-2021 14:52:18,62.0072528844534,61.6179355200242,23.293018602117
17-Nov-2021 14:52:38,62.0056234620716,61.4822556737321,23.2425429472125
17-Nov-2021 14:52:57,61.857349371361,61.437573306784,23.3362840490537
17-Nov-2021 14:53:16,61.7002372519372,61.2684683829003,23.3777088898375
17-Nov-2021 14:53:32,61.6889099495601,61.2003634151159,23.1148231430758
17-Nov-2021 14:53:52,61.5273061469505,61.1570810302319,22.8731273461061
17-Nov-2021 14:54:08,61.3562458679198,61.0588057503843,22.9691592202964
17-Nov-2021 14:54:27,61.2802994815807,60.8648233424421,23.3453361234581
17-Nov-2021 14:54:46,61.3732351235739,60.7712101418854,23.602486107259
17-Nov-2021 14:55:05,61.3085367796201,60.7478654208376,23.3655882640554
17-Nov-2021 14:55:23,61.2315055129057,60.7234350919558,23.355001868091
17-Nov-2021 14:55:40,61.5190826359312,60.8819640783565,23.6024861393201
17-Nov-2021 14:56:00,61.5277716228116,60.8967780796906,23.7031420502101
17-Nov-2021 14:56:17,61.6481009591172,60.9820180710846,23.667467187127
17-Nov-2021 14:56:34,61.7778225575595,61.122719258732,23.6456020855628
17-Nov-2021 14:56:52,61.9922777460255,61.351933775355,23.7792497731154
17-Nov-2021 14:57:09,62.1152621105396,61.5104151959646,23.6254251597282
17-Nov-2021 14:57:25,62.1650778802649,61.6269344905561,23.3793199468771
17-Nov-2021 14:57:46,61.9854497283146,61.652612729858,23.0190938367616
17-Nov-2021 14:58:06,61.8476508770794,61.5578136966192,23.1849341663216
17-Nov-2021 14:58:24,61.866737608659,61.4492092813352,23.4838817627454
17-Nov-2021 14:58:43,62.0506268594205,61.4876858675774,23.4833446274035
17-Nov-2021 14:59:05,61.9707850581201,61.4318329019291,23.5233904394998
17-Nov-2021 14:59:25,62.028590631818,61.4275663949484,23.6825042572154
17-Nov-2021 14:59:46,62.1831576480498,61.5149921068052,23.5395776407809
17-Nov-2021 15:00:05,62.2538480457842,61.6104881096407,23.702221399353
17-Nov-2021 15:00:25,62.1895980659,61.599782489222,23.5967322145401
17-Nov-2021 15:00:45,62.1961937213537,61.6610687490946,23.2574247579342
17-Nov-2021 15:01:03,62.250899407983,61.7347689216115,23.4143783792912
17-Nov-2021 15:01:21,62.563010171345,61.8332193660466,23.6257318362453
17-Nov-2021 15:01:39,62.6069346252622,61.8658816660351,23.7239335179096
17-Nov-2021 15:02:00,62.7346758659065,61.96053433104,23.6488244105771
17-Nov-2021 15:02:17,62.704719101901,62.0402153360741,23.3510128647696
17-Nov-2021 15:02:35,62.7412726919391,62.1458906957202,23.3370513194321
17-Nov-2021 15:02:56,63.1407486948227,62.3421981148981,23.5602146409314
17-Nov-2021 15:03:15,63.2634650846953,62.4804737955085,23.6018723492949
17-Nov-2021 15:03:32,63.0805176129196,62.4772147062297,23.2979281061453
17-Nov-2021 15:03:49,62.9674320855034,62.4704637460609,23.5811584675866
17-Nov-2021 15:04:07,62.9286253461075,62.3961265073754,23.4083945579265
17-Nov-2021 15:04:30,62.7574928728068,62.2844685507991,23.5882165768134
17-Nov-2021 15:04:47,62.9216401396865,62.3174456628176,23.4515845143116
17-Nov-2021 15:05:06,62.9161296330741,62.3286967524172,23.4866437287172
17-Nov-2021 15:05:25,62.9092997188093,62.3522077775112,23.398805111686
17-Nov-2021 15:05:43,62.8893533324863,62.3307917893396,23.7560797819185
17-Nov-2021 15:06:05,62.9784532935416,62.3684250421211,23.7708870725108
17-Nov-2021 15:06:26,62.9761248655474,62.3845647965732,23.6646285995256
17-Nov-2021 15:06:44,62.9235028506461,62.3464657917788,23.5661985305479
17-Nov-2021 15:07:02,62.993820948126,62.4148270451153,23.4585656271955
17-Nov-2021 15:07:18,62.9088340346038,62.3824697291931,23.2743011842377
17-Nov-2021 15:07:37,62.8722010842513,62.3449139068029,23.4894051868889
17-Nov-2021 15:07:57,63.0693408564682,62.3732359245435,23.7002266783901
17-Nov-2021 15:08:21,63.2491828541856,62.4896303017504,23.8054122076588
17-Nov-2021 15:08:38,63.4242218859284,62.6535205066243,23.7628313009466
17-Nov-2021 15:08:57,63.4246876332589,62.7558783808387,23.8199895990045
17-Nov-2021 15:09:18,63.3611912460537,62.8044587355703,23.3461032125267
17-Nov-2021 15:09:37,63.353196067818,62.8133833188837,23.2593425042095
17-Nov-2021 15:09:54,63.4090851403625,62.7618538824645,23.4815034730234
17-Nov-2021 15:10:15,63.6199970934184,62.8731398439478,23.6976182226872
17-Nov-2021 15:10:35,63.5852970181965,62.9025528672832,23.7392776570287
17-Nov-2021 15:10:54,63.401943683991,62.8423301764448,23.5889836844138
17-Nov-2021 15:11:13,63.3439589442989,62.8148578177049,23.5701111999168
17-Nov-2021 15:11:30,63.3683325941725,62.7655788744422,23.7443412854338
17-Nov-2021 15:11:47,63.4019436948683,62.7700799140811,23.6085468375366
17-Nov-2021 15:12:08,63.29272828771,62.7500580981478,23.6902531286804
17-Nov-2021 15:12:25,63.2789893034193,62.7424529450857,23.581925633644
17-Nov-2021 15:12:41,63.1471909784923,62.7007801159529,23.440077312944
17-Nov-2021 15:13:02,63.2054827600865,62.6362154259316,23.6318693431469
17-Nov-2021 15:13:19,63.2278372685126,62.5702552067877,23.6429169108276
17-Nov-2021 15:13:35,63.2585749614913,62.5951647349912,23.6921710114773
17-Nov-2021 15:13:55,63.2668027831503,62.6615134621586,23.5523893910008
17-Nov-2021 15:14:12,63.1159886007319,62.5922935293871,23.5985734656022
17-Nov-2021 15:14:32,63.4587652089864,62.7388832280214,23.547326055544
17-Nov-2021 15:14:48,63.8005676730093,63.009497397665,23.5835367240563
17-Nov-2021 15:15:09,63.5827352656855,62.9470221227454,23.5102720549722
17-Nov-2021 15:15:27,63.5716344233105,62.9495055897332,23.5570692156124
17-Nov-2021 15:15:45,63.6024529262369,62.9396493426076,23.4817336040453
17-Nov-2021 15:16:06,63.4645093472457,62.888583590134,23.2937089897659
17-Nov-2021 15:16:23,63.3386805932604,62.8136937429795,23.3915940059181
17-Nov-2021 15:16:40,63.2328825904899,62.697598427264,23.4660836579726
17-Nov-2021 15:16:58,63.1657417932889,62.5805759485505,23.5371995324493
17-Nov-2021 15:17:14,63.3773369293992,62.6406386893121,23.5213191524706
17-Nov-2021 15:17:35,63.5621638171282,62.751687780633,23.6008750403493
17-Nov-2021 15:17:51,63.7285245686743,62.9050363053901,23.7994278154755
17-Nov-2021 15:18:11,63.785662069964,63.0725171152393,23.1298577306106
17-Nov-2021 15:18:29,63.4484409144498,63.0242432873838,22.8808742217486
17-Nov-2021 15:18:47,63.2009808315741,62.9037945899131,22.6980219534566
17-Nov-2021 15:19:06,62.9345239202361,62.6668679916499,22.9855739626526
17-Nov-2021 15:19:23,62.8160882341359,62.4828017281169,23.1916845274826
17-Nov-2021 15:19:44,62.6494627678778,62.1898842599038,23.3025308045911
17-Nov-2021 15:20:01,62.5131108106941,62.0262496927538,23.5473260611839
17-Nov-2021 15:20:21,62.5359262987068,61.8751140740504,23.5882932232528
17-Nov-2021 15:20:37,62.3914309356524,61.7649476624083,23.5625160935048
17-Nov-2021 15:20:56,62.4084255082159,61.7049783336182,23.4607903381098
17-Nov-2021 15:21:14,62.4721364802158,61.7093227777542,23.557913079063
17-Nov-2021 15:21:34,62.2661860313865,61.6263914483205,23.3254676508835
17-Nov-2021 15:21:51,62.2691347373021,61.6638615677834,23.3473306400006
17-Nov-2021 15:22:10,62.1300050406502,61.6429154961137,23.3655115670797
17-Nov-2021 15:22:27,61.9581377858149,61.4879961631949,23.5816956057344
17-Nov-2021 15:22:45,61.8661168501682,61.3331616414152,23.6877979859876
17-Nov-2021 15:23:05,61.7446934199129,61.1714308609143,23.7105839778534
17-Nov-2021 15:23:22,61.8215038724788,61.105344582578,23.7854643026409
17-Nov-2021 15:23:41,61.8449352989241,61.1111619824224,23.7305314274378
17-Nov-2021 15:23:58,61.7034182225078,61.1103087637962,23.4131505808887
17-Nov-2021 15:24:15,61.6588074445,61.0834712430498,23.5118829625106
17-Nov-2021 15:24:32,61.7851932538349,61.0501185581196,23.650742285727
17-Nov-2021 15:24:50,61.8766688465911,61.1367586696348,23.7582279161574
17-Nov-2021 15:25:08,61.9771475349578,61.2095164008108,23.8318817377072
17-Nov-2021 15:25:27,62.0863196396148,61.3850567698506,23.2920215495551
17-Nov-2021 15:25:50,62.0701026516874,61.4303590177444,23.623890599245
17-Nov-2021 15:26:10,62.0471351973201,61.3667498749029,23.4933943872767
17-Nov-2021 15:26:30,61.9258603288393,61.3141568870681,23.4755196542691
17-Nov-2021 15:26:50,61.7720036104184,61.2206861643772,23.1565520406584
17-Nov-2021 15:27:07,61.6698243106598,61.1696468237764,23.1905340466233
17-Nov-2021 15:27:23,61.765563953093,61.1405594078589,23.4057860637241
17-Nov-2021 15:27:43,61.7458572047908,61.1092228487546,23.6756761870908
17-Nov-2021 15:28:01,61.9393609592993,61.1980363898421,23.6814302598263
17-Nov-2021 15:28:18,61.9591464622032,61.2503948290184,23.7257747681215
17-Nov-2021 15:28:37,62.0091926726694,61.3537954766195,23.4575684537133
17-Nov-2021 15:28:53,61.9528616437113,61.3615525959343,23.452121676873
17-Nov-2021 15:29:11,61.9803287191419,61.3395224258689,23.4699194203754
17-Nov-2021 15:29:30,61.9126701123147,61.3188886703006,23.3255443183598
17-Nov-2021 15:29:47,61.8577373049072,61.2532648725979,23.6703058625407
17-Nov-2021 15:30:03,61.8594442469419,61.1911328970636,23.8084811378532
17-Nov-2021 15:30:20,61.8747291397721,61.196407474229,23.6669301705595
17-Nov-2021 15:30:37,61.9829668122825,61.269864622145,23.673604763093
17-Nov-2021 15:30:55,61.969543598096,61.2859990386426,23.527993450642
17-Nov-2021 15:31:16,62.0306856539768,61.3458056734965,23.7197137755391
17-Nov-2021 15:31:32,62.1598790032353,61.4550272829395,23.6459857081152
17-Nov-2021 15:31:52,61.9785441308267,61.4398229209054,23.0827595969941
17-Nov-2021 15:32:10,61.827478114473,61.4134481803779,23.2363294340294
17-Nov-2021 15:32:27,61.6915478108357,61.2821205685482,23.193065344121
17-Nov-2021 15:32:44,61.530331777619,61.1476955137234,23.1181215786195
17-Nov-2021 15:33:04,61.4392536038957,60.9355585180434,23.5378898751781
17-Nov-2021 15:33:23,61.5359951477586,60.8393838679819,23.7702732766057
17-Nov-2021 15:33:44,61.6609797824966,60.844657889673,23.7214783253728
17-Nov-2021 15:34:01,61.7361590195025,60.9603006669941,23.5512386382818
17-Nov-2021 15:34:20,61.6260674007687,60.9952812658264,23.4963863628768
17-Nov-2021 15:34:37,61.6641607333969,61.0114143565041,23.5203217679131
17-Nov-2021 15:34:55,61.8347713177572,61.1074388451807,23.534974763946
17-Nov-2021 15:35:15,61.8208831756343,61.1185307054682,23.5691138584409
17-Nov-2021 15:35:36,61.847650871777,61.1397061811678,23.6789752433205
17-Nov-2021 15:35:57,61.8450904843686,61.1366811059569,23.7888400812095
17-Nov-2021 15:36:12,62.0104341484036,61.2268140393816,23.8004252169355
17-Nov-2021 15:36:30,62.135902189364,61.3271111287662,23.6815836182315
17-Nov-2021 15:36:49,62.1639915516446,61.4182576774395,23.7124253140633
17-Nov-2021 15:37:11,62.2793776464197,61.5224392926101,23.6338640409914
17-Nov-2021 15:37:27,62.4303866426093,61.6255381020121,23.616295428114
17-Nov-2021 15:37:46,62.4334131058805,61.7429148201113,23.4486693480732
17-Nov-2021 15:38:04,62.3539501176983,61.7414407992657,23.5669656837316
17-Nov-2021 15:38:22,62.507911388933,61.7655683077353,23.7833927923611
17-Nov-2021 15:38:40,62.5716242880115,61.79155794827,23.6291076116936
17-Nov-2021 15:39:00,62.7678924970806,61.9432328680205,23.5645107303737
17-Nov-2021 15:39:22,62.8909055640286,62.1230018189598,23.4733716143001
17-Nov-2021 15:39:39,62.8544280239615,62.2040833632968,23.4948520036217
17-Nov-2021 15:39:58,62.9269954540452,62.2521125059565,23.5147216349039
17-Nov-2021 15:40:14,63.0011943588707,62.3186095667665,23.3622899096878
17-Nov-2021 15:40:34,62.9327388118208,62.3479400831922,23.4689221214817
17-Nov-2021 15:40:50,63.0747740242785,62.3169025080323,23.7977399167556
17-Nov-2021 15:41:09,63.2050946882518,62.3780468145069,23.7062108722428
17-Nov-2021 15:41:26,63.0609582711515,62.354923577729,23.5613654226347
17-Nov-2021 15:41:46,63.001116730274,62.3390167514852,23.6383137375663
17-Nov-2021 15:42:07,63.0217623281118,62.2661566962197,23.7865384117342
17-Nov-2021 15:42:25,63.1273207719265,62.313410799289,23.8081743374608
17-Nov-2021 15:42:45,63.1540213832189,62.4589793899924,23.4288770038824
17-Nov-2021 15:43:03,63.0018152699284,62.5054602526137,23.41982469916
17-Nov-2021 15:43:20,62.8990548546276,62.4142838798634,23.6355518592494
17-Nov-2021 15:43:39,62.7571048229099,62.244430905598,23.2641752685732
17-Nov-2021 15:43:57,62.6188859048134,62.0804832992276,23.5927430118477
17-Nov-2021 15:44:18,62.6251719897856,61.9836548138574,23.5238508943822
17-Nov-2021 15:44:35,62.5710034429647,61.9426897657769,23.4534258025166
17-Nov-2021 15:44:53,62.6023559025953,61.8996304642952,23.7460292479332
17-Nov-2021 15:45:12,62.490605911402,61.776196885693,23.5321361096215
17-Nov-2021 15:45:30,62.5434538867955,61.7464059315066,23.6828112050277
17-Nov-2021 15:45:54,62.6695629175897,61.8073069858197,23.6296444929729
17-Nov-2021 15:46:11,62.6046064685001,61.831745302863,23.471683931528
17-Nov-2021 15:46:31,62.5602164049731,61.8661920000445,23.4505872412398
17-Nov-2021 15:46:49,62.5429106505185,61.9043630794741,23.5224698577004
17-Nov-2021 15:47:11,62.3724188584165,61.856106223413,23.3614457366783
17-Nov-2021 15:47:30,62.3513893015691,61.7635512101632,23.623046717993
17-Nov-2021 15:47:49,62.3494493119275,61.6381832435188,23.6122293424846
17-Nov-2021 15:48:06,62.3702460554612,61.5570379338249,23.4746757785051
17-Nov-2021 15:48:23,62.3038986819496,61.5194138680872,23.4386965462177
17-Nov-2021 15:48:39,62.2460107249476,61.503433466468,23.4857228181922
17-Nov-2021 15:48:55,62.1140205917685,61.5094842892492,23.0338982207872
17-Nov-2021 15:49:13,62.1009848204924,61.5170866205515,23.3208648898689
17-Nov-2021 15:49:33,62.1895204693109,61.4614658855486,23.77249834804
17-Nov-2021 15:49:52,62.1484725408649,61.4363321355441,23.7065946408435
17-Nov-2021 15:50:09,62.1166587995812,61.454639415546,23.6149912106492
17-Nov-2021 15:50:29,62.1666297818323,61.4944348271813,23.3455663257932
17-Nov-2021 15:50:46,62.0234695748308,61.4891597753557,23.2797475590182
17-Nov-2021 15:51:05,61.8733325429519,61.4057685138691,23.2060291685267
17-Nov-2021 15:51:24,61.852616499505,61.2704851753028,23.2518249410195
17-Nov-2021 15:51:44,61.9399816877707,61.2339503108026,23.7084358123536
17-Nov-2021 15:52:04,62.1473862082568,61.2649002017719,23.8141586348167
17-Nov-2021 15:52:24,62.159723809633,61.332308353971,23.7688924958778
17-Nov-2021 15:52:41,62.0727408094664,61.372335017588,23.4493598675526
17-Nov-2021 15:52:58,61.9861480456431,61.4493644251736,23.2113220789441
17-Nov-2021 15:53:19,62.0811984908188,61.3812557519772,23.7111977568283
17-Nov-2021 15:53:36,62.216058347851,61.4007263145485,23.650512130136
17-Nov-2021 15:53:58,62.192236325424,61.3669050137499,23.9025449553155
17-Nov-2021 15:54:18,62.2405789127114,61.4056909353481,23.672070337161
17-Nov-2021 15:54:34,62.1590254916407,61.4205848502566,23.4612507994844
17-Nov-2021 15:54:53,62.0456609367931,61.4408313714049,23.6263455699425
17-Nov-2021 15:55:13,62.0486094492705,61.4059236522741,23.4153752941816
17-Nov-2021 15:55:33,62.1310913425744,61.4518467721599,23.6384673013865
17-Nov-2021 15:55:54,62.0424020620447,61.3562001848993,23.4584121441445
17-Nov-2021 15:56:12,61.8994799497516,61.3146998782872,23.3833857371442
17-Nov-2021 15:56:30,61.87170319159,61.302986803237,23.3496319758177
17-Nov-2021 15:56:47,62.0047700021465,61.3122176381361,23.4297208407457
17-Nov-2021 15:57:05,62.1275996267806,61.3958392701835,23.1717402971018
17-Nov-2021 15:57:25,61.8793068595962,61.3158634318386,23.4940081968216
17-Nov-2021 15:57:46,62.0428676026164,61.2940662765697,23.8323420697416
17-Nov-2021 15:58:07,61.9806390837003,61.2779318202596,23.7003035470306
17-Nov-2021 15:58:27,61.9956917599374,61.3421598326051,23.2782133740135
17-Nov-2021 15:58:46,62.1581720167197,61.4378060454447,23.5889836863441
17-Nov-2021 15:59:10,62.3287302934966,61.5788368127373,23.5207053387237
17-Nov-2021 15:59:31,62.1643795232208,61.5512973258046,23.4056327101444
17-Nov-2021 15:59:49,61.9963124919359,61.5220514172505,23.4759799349163
17-Nov-2021 16:00:09,61.8594442499102,61.4457960571543,23.0283751890626
17-Nov-2021 16:00:26,61.7193230673159,61.3690770175642,22.9947017989696
17-Nov-2021 16:00:43,61.6397995585766,61.2096715454454,23.5292209816376
17-Nov-2021 16:01:03,61.6210245438935,60.934627802239,23.7121183767738
17-Nov-2021 16:01:21,61.4260653296095,60.7580253961324,23.5039811937765
17-Nov-2021 16:01:45,61.4666388802369,60.739334167923,23.5948910241107
17-Nov-2021 16:02:05,61.6095423341396,60.7692712012555,23.5371227967404
17-Nov-2021 16:02:21,61.6365410884557,60.8006045548455,23.4350141529026
17-Nov-2021 16:02:41,61.6211797158626,60.8147201774604,23.6386207050714
17-Nov-2021 16:03:01,61.7333659661308,60.8945288295649,23.7652096937557
17-Nov-2021 16:03:22,61.6755655059389,60.9138414141257,23.714726878726
17-Nov-2021 16:03:39,61.7519088583007,61.0233590890321,23.4423787952861
17-Nov-2021 16:03:57,61.7723915235288,61.0705179527878,23.5000687701928
17-Nov-2021 16:04:16,61.7952794924036,61.0962694559007,23.5252316126544
17-Nov-2021 16:04:35,61.810020984186,61.1624331205102,23.5434902050473
17-Nov-2021 16:04:54,61.8933504193956,61.1589426247607,23.3813144408105
17-Nov-2021 16:05:11,61.8243746053412,61.1807388940566,23.2477594451059
17-Nov-2021 16:05:32,61.7003924209135,61.1081369327426,23.5655080881072
17-Nov-2021 16:05:52,61.6414288015239,61.0736205315077,23.301380137815
17-Nov-2021 16:06:10,61.6096199139116,61.0491877929186,23.5167928426313
17-Nov-2021 16:06:27,61.6194728774608,60.939979512415,23.6911736562089
17-Nov-2021 16:06:47,61.6710656460796,60.9167887257513,23.6581841017995
17-Nov-2021 16:07:04,61.6728500728891,60.9650319451095,23.6641681918538
17-Nov-2021 16:07:21,61.6187746418696,60.9395917050653,23.8010390133876
17-Nov-2021 16:07:39,61.5783544056269,60.9285004394102,23.4347840146611
17-Nov-2021 16:07:56,61.5614416698864,60.8989497705159,23.5006057019224
17-Nov-2021 16:08:15,61.5909226422584,60.8901078911447,23.5267659622003
17-Nov-2021 16:08:34,61.5932501051902,60.8487685281139,23.5787802115409
17-Nov-2021 16:08:52,61.6889099505204,60.9102736177417,23.8384032744744
17-Nov-2021 16:09:11,61.77720186223,60.981475131248,23.5231602873033
17-Nov-2021 16:09:31,61.6733931580133,61.0383288532907,23.38906247131
17-Nov-2021 16:09:48,61.6679622986755,61.1022419717769,23.0368127145244
17-Nov-2021 16:10:06,61.6644710473751,61.1345092560755,23.1999691231522
17-Nov-2021 16:10:27,61.8399696883171,61.0975104965708,23.5975761469773
17-Nov-2021 16:10:48,61.9880102330006,61.1696468249064,23.7487911319837
17-Nov-2021 16:11:08,62.1130894811042,61.3292055428382,23.7309150893967
17-Nov-2021 16:11:26,62.307313015596,61.5512197620351,23.4591027289365
17-Nov-2021 16:11:48,62.1311689281066,61.6721624588025,23.176112696152
17-Nov-2021 16:12:04,62.1093649804443,61.642837907824,23.4154522205345
17-Nov-2021 16:12:23,62.2473298749163,61.5830259484001,23.3439552545996
17-Nov-2021 16:12:45,62.0505492592503,61.443003420093,23.3819281265366
17-Nov-2021 16:13:07,62.0053131053464,61.4055357908032,23.4861064138206
17-Nov-2021 16:13:29,61.9773026825394,61.3579843214654,23.2435401815461
17-Nov-2021 16:13:46,61.9385850643973,61.331532648713,23.3250840700456
17-Nov-2021 16:14:01,61.9966228556207,61.3506926332606,23.4202850072331
17-Nov-2021 16:14:19,61.9458785381023,61.3395224293534,23.3191772308401
17-Nov-2021 16:14:36,61.8689100212796,61.3063998806658,23.5403449635234
17-Nov-2021 16:14:52,62.0323150570306,61.3642675875082,23.5247713316225
17-Nov-2021 16:15:12,62.0988898729158,61.4163183688571,23.7881496960698
17-Nov-2021 16:15:33,62.2328968412567,61.5322913370806,23.4995316588786
17-Nov-2021 16:15:53,62.1535162117162,61.5226720188715,23.3527771944676
17-Nov-2021 16:16:13,62.1017607833764,61.5315155823037,23.0957230060132
17-Nov-2021 16:16:30,61.9404472185095,61.5252319942119,22.7982673416091
17-Nov-2021 16:16:49,61.9575946529132,61.4909439927891,23.4146084097021
17-Nov-2021 16:17:10,61.9336193045945,61.3041503533837,23.6366259555463
17-Nov-2021 16:17:28,61.9232998801609,61.252411614275,23.6811234312426
17-Nov-2021 16:17:49,61.9018076379916,61.2548938155735,23.4623246847186
17-Nov-2021 16:18:07,61.9295070845901,61.2719589979354,23.7881496033603
17-Nov-2021 16:18:26,62.0808105246766,61.4237653301221,23.4149150205882
17-Nov-2021 16:18:48,62.0486870558931,61.4364872814039,23.8296567634828
17-Nov-2021 16:19:08,62.1168915807382,61.4889270516556,23.6202848459328
17-Nov-2021 16:19:28,62.1219352354133,61.5468755160899,23.7969727134637
17-Nov-2021 16:19:48,62.2483386231998,61.5677434138658,23.7697362152531
17-Nov-2021 16:20:08,62.1530506338824,61.6030407193325,23.5255385005911
17-Nov-2021 16:20:29,62.2254475646083,61.6436136862118,23.748100659652
17-Nov-2021 16:20:46,62.4412508593999,61.6630082056601,23.997301855159
17-Nov-2021 16:21:08,62.6014246346766,61.7640942762004,24.0421108888049
17-Nov-2021 16:21:25,62.6722791697284,61.891872087837,23.8683258027118
17-Nov-2021 16:21:46,62.6443407424611,61.9646463482715,23.7210947561184
17-Nov-2021 16:22:05,62.7080562300175,62.0027409730447,23.8726221924127
17-Nov-2021 16:22:21,62.6180322571363,61.9755859006977,23.6573402092641
17-Nov-2021 16:22:39,62.5050400713991,61.9266297438505,23.9403707726253
17-Nov-2021 16:22:56,62.5045744513986,61.8769760603643,23.6966975219652
17-Nov-2021 16:23:17,62.5103947312212,61.8562613834672,24.05714972312
17-Nov-2021 16:23:38,62.7846561452432,61.9734135028237,24.206620542225
17-Nov-2021 16:23:58,62.783491999517,62.0775349526855,23.7206343935259
17-Nov-2021 16:24:19,62.8547384770558,62.1905049765867,23.78070757666
17-Nov-2021 16:24:39,62.9308760941461,62.2319386275262,23.8483006197458
17-Nov-2021 16:24:59,62.9269178320304,62.2447412671672,23.9653835200719
17-Nov-2021 16:25:19,63.0952648005283,62.385340750525,23.9512657487621
17-Nov-2021 16:25:38,63.2818613494827,62.55434736427,24.1537525300212
17-Nov-2021 16:25:56,63.5915072860357,62.7828070244485,24.0673546595717
17-Nov-2021 16:26:16,63.6920378315278,62.9159789580864,24.0592981285789
17-Nov-2021 16:26:37,63.7113679802527,63.0236223982456,23.7536246682424
17-Nov-2021 16:26:54,63.8181905018578,63.0759320117798,24.1334956929666
17-Nov-2021 16:27:15,64.0049052809462,63.1658847542088,24.3898618613549
17-Nov-2021 16:27:32,64.1531199860233,63.3348534448171,24.1225999624599
17-Nov-2021 16:27:52,64.0660071203751,63.4180603023898,23.8016527852571
17-Nov-2021 16:28:11,64.0441128560601,63.4358351768724,24.1282012285338
17-Nov-2021 16:28:29,64.2104977096535,63.4912561212908,24.0408065099832
17-Nov-2021 16:28:50,64.1838662438435,63.4680475143719,23.8961000017791
17-Nov-2021 16:29:12,64.0929482053874,63.4030021983279,23.6999965997007
17-Nov-2021 16:29:30,63.9959768581929,63.334775827418,23.9045399337726
17-Nov-2021 16:29:46,63.9829336932281,63.3295754704213,24.0211642480054
17-Nov-2021 16:30:02,63.8940396712924,63.2645328578791,23.9462018049061
17-Nov-2021 16:30:21,63.8182681255489,63.2604192263092,23.6641682126638
17-Nov-2021 16:30:43,63.8734663108366,63.226346142169,24.2393085894119
17-Nov-2021 16:31:02,64.2183396834026,63.3295754712051,24.3049158428593
17-Nov-2021 16:31:25,64.383335670857,63.4777500909204,24.1347233073806
17-Nov-2021 16:31:43,64.4732522297953,63.6011693045824,24.1865167887245
17-Nov-2021 16:32:02,64.3694368776702,63.654730012327,23.669308463217
17-Nov-2021 16:32:23,64.310581148731,63.6579902573416,24.0047444379056
17-Nov-2021 16:32:42,64.483501947957,63.6306663983028,24.2306378562374
17-Nov-2021 16:32:59,64.4399409218291,63.6452597952888,23.9017778316965
17-Nov-2021 16:33:20,64.2199701736716,63.6003154484884,23.8910361214724
17-Nov-2021 16:33:38,64.2476113036233,63.5242452164011,24.0517786848793
17-Nov-2021 16:33:57,64.2205913248348,63.5163278027594,23.7800937190189
17-Nov-2021 16:34:17,64.0938798748982,63.5275829584485,24.1061798386693
17-Nov-2021 16:34:36,64.0563021698991,63.3807256301169,24.2803610407271
17-Nov-2021 16:34:52,63.9664745319596,63.3089293467577,23.900550079207
17-Nov-2021 16:35:12,64.0462867029352,63.3457975113722,24.14677035862
17-Nov-2021 16:35:30,64.1337096116564,63.3301964094079,24.1813757682565
17-Nov-2021 16:35:51,64.1181037609043,63.2890595166697,24.2836604919233
17-Nov-2021 16:36:08,64.1726857665847,63.3489798369421,23.9837978328965
17-Nov-2021 16:36:27,64.0531189533236,63.2937164965759,24.0820866203522
17-Nov-2021 16:36:46,64.1367376275234,63.4121612417145,23.5910550978279
17-Nov-2021 16:37:04,64.1694247948062,63.5383724140093,23.9770458607167
17-Nov-2021 16:37:23,64.3655545324928,63.5897586548946,24.179457508208
17-Nov-2021 16:37:43,64.2495524316776,63.5815305927802,23.750095560883
17-Nov-2021 16:38:03,64.1052930299416,63.5817634627675,23.7725749390806
17-Nov-2021 16:38:22,64.1586325468548,63.4566373264625,24.1805317645774
17-Nov-2021 16:38:40,64.292955666632,63.4767410198885,24.1388667563383
17-Nov-2021 16:39:02,64.2478442298876,63.4811654016263,24.340520774111
17-Nov-2021 16:39:21,64.3063882740071,63.5137662905294,24.30560647405
17-Nov-2021 16:39:39,64.20405334726,63.5373633248056,23.8815990438824
17-Nov-2021 16:39:57,64.06468723862,63.5425640132937,23.8837474031982
17-Nov-2021 16:40:16,63.9595648184098,63.3856932156955,23.6604858695926
17-Nov-2021 16:40:35,63.7675735825383,63.2444304470547,23.622202823124
17-Nov-2021 16:40:53,63.7705236697205,63.1623921396039,23.8878137889848
17-Nov-2021 16:41:11,63.9951228401036,63.1241289899117,24.3040717590153
17-Nov-2021 16:41:30,64.01988945994,63.1235080866681,24.3095199212318
17-Nov-2021 16:41:48,63.9913185797971,63.1440754429665,24.2409967169922
17-Nov-2021 16:42:09,63.9137591839278,63.1523024218621,24.2891853265945
17-Nov-2021 16:42:26,63.9697352998545,63.2119098152836,24.22902639937
17-Nov-2021 16:42:45,64.0209764087197,63.2876624268016,24.027992962284
17-Nov-2021 16:43:02,64.0623580637637,63.3659005365033,23.9979156376383
17-Nov-2021 16:43:22,64.0795164614844,63.3631839064816,23.9709077790975
17-Nov-2021 16:43:39,64.0559140192278,63.3204166507519,24.317577098428
17-Nov-2021 16:43:56,64.2789019502649,63.3868574864807,24.4509445357336
17-Nov-2021 16:44:14,64.3000213678411,63.4775948482436,24.251662656726
17-Nov-2021 16:44:31,64.2348777305823,63.5025888072806,24.3857948797106
17-Nov-2021 16:44:51,64.3323219115318,63.5908453814405,23.9435931328182
17-Nov-2021 16:45:09,64.271603361203,63.607301572271,23.9365343298524
17-Nov-2021 16:45:27,64.3219950219077,63.585411752253,24.4184846375416
17-Nov-2021 16:45:45,64.3150069151749,63.5400024770813,24.2004053051594
17-Nov-2021 16:46:03,64.2433408989237,63.5354227739267,24.0602188592215
17-Nov-2021 16:46:20,64.1147651935677,63.5228480241474,23.8272783311577
17-Nov-2021 16:46:36,64.0273427778554,63.4631574291547,24.241150177228
17-Nov-2021 16:46:53,64.0904637054789,63.4087460007984,24.1476140837184
17-Nov-2021 16:47:09,64.0639884804366,63.3860036821495,23.9947698199068
17-Nov-2021 16:47:26,64.0596406646757,63.3407523698077,24.0358959601037
17-Nov-2021 16:47:43,64.0737710890061,63.3336891850595,23.9524933453528
17-Nov-2021 16:48:05,63.8482349476607,63.2343404798653,23.6426867500727
17-Nov-2021 16:48:23,63.6712327991886,63.219050357552,23.4645493572182
17-Nov-2021 16:48:41,63.5552549394119,63.1178423954249,23.7030653317324
17-Nov-2021 16:48:58,63.3810628491536,62.8625077727862,23.9934654878096
17-Nov-2021 16:49:15,63.4278702965483,62.7470315559441,24.1371787094109
17-Nov-2021 16:49:35,63.4835276837209,62.7582841009098,23.8601163221597
17-Nov-2021 16:49:55,63.3237770750745,62.7551023439019,23.7270789685919
17-Nov-2021 16:50:12,63.2997142382649,62.6804483134462,23.7978935558056
17-Nov-2021 16:50:29,63.2199976662509,62.6117711924728,23.6741417735715
17-Nov-2021 16:50:46,63.0883568958942,62.5713415919579,23.8068699680311
17-Nov-2021 16:51:09,62.9502794352649,62.4374851328692,23.897020808456
17-Nov-2021 16:51:26,62.9735636140818,62.2592509801613,24.3226417201062
17-Nov-2021 16:51:46,63.0795862150478,62.2319386294982,24.2496676460781
17-Nov-2021 16:52:04,63.0154754981322,62.2178945788844,24.4103505199376
17-Nov-2021 16:52:22,62.9309537441315,62.2186704932985,23.9259464783849
17-Nov-2021 16:52:40,62.7560958903785,62.1915136562274,24.1641112450166
17-Nov-2021 16:53:00,62.7151185572785,62.0634139671471,24.4431941445458
17-Nov-2021 16:53:18,62.6813592046607,62.0153875526673,23.8982483232618
17-Nov-2021 16:53:35,62.5538528508379,62.0334652653136,23.707975542594
17-Nov-2021 16:53:52,62.4462173718786,61.9590602108985,23.7880728558297
17-Nov-2021 16:54:12,62.6301387755203,61.8678988260144,24.3097501416892
17-Nov-2021 16:54:31,62.7215600369,61.8744933948266,24.5477121728477
17-Nov-2021 16:54:52,62.5966907106453,61.9151472630115,24.1653389885924
17-Nov-2021 16:55:09,62.4843200799011,61.9443190476644,24.2075413277769
17-Nov-2021 16:55:26,62.4733781156252,61.8869067382723,24.011036044979
17-Nov-2021 16:55:43,62.5883869828251,61.9054492577663,24.1334190574231
17-Nov-2021 16:56:05,62.6933107528902,61.9701549111392,24.2557294871891
17-Nov-2021 16:56:22,62.5897062473004,61.9651894452819,23.8776093127889
17-Nov-2021 16:56:41,62.5370127402647,61.9480431236698,24.0874576655849
17-Nov-2021 16:57:01,62.735296741232,61.9793100123034,24.3975355598116
17-Nov-2021 16:57:17,62.8785652465236,62.0872334607889,24.375512441089
17-Nov-2021 16:57:36,62.9901731367198,62.2026091516259,24.3731334708735
17-Nov-2021 16:57:56,63.3208274383888,62.4333725132088,24.4594625002695
17-Nov-2021 16:58:17,63.3722914152092,62.6009071411699,24.3985332099643
17-Nov-2021 16:58:36,63.2328825767875,62.6307057564469,23.9540279465384
17-Nov-2021 16:58:54,63.283336142526,62.6139440075026,24.276524349781
17-Nov-2021 16:59:11,63.5512959214645,62.7092388060568,24.3024603374329
17-Nov-2021 16:59:31,63.5828129003879,62.7707783524162,24.2479026832343
17-Nov-2021 16:59:48,63.5228843201867,62.8147802130248,24.0207805148392
17-Nov-2021 17:00:05,63.4204182851045,62.8651463755663,23.8456920076438
17-Nov-2021 17:00:21,63.3542827879588,62.8393035498358,23.9430560578913
17-Nov-2021 17:00:41,63.4988200577457,62.7900242428287,24.3405207765508
17-Nov-2021 17:01:03,63.5504420090381,62.7648804374998,24.3529518985029
17-Nov-2021 17:01:22,63.5770684036138,62.7891705950607,24.3844903399109
17-Nov-2021 17:01:40,63.7265061466256,62.8971979725915,24.5782548081473
17-Nov-2021 17:01:59,63.9028125136058,63.0372818064158,24.5455634713602
17-Nov-2021 17:02:16,64.0728394105541,63.2298388157547,24.1785368179531
17-Nov-2021 17:02:36,64.0434916962646,63.3171567340726,24.222580934342
17-Nov-2021 17:02:57,64.1465980812187,63.3672200437961,24.1413989049
17-Nov-2021 17:03:14,64.0879792144026,63.3435466011641,24.0834677756374
17-Nov-2021 17:03:30,64.004905260843,63.3258498459251,23.9975320030077
17-Nov-2021 17:03:49,63.7506497109398,63.27462291604,23.6528904207197
17-Nov-2021 17:04:08,63.6916496770618,63.2237848552938,24.013030985968
17-Nov-2021 17:04:28,63.7408680398735,63.0740693447857,24.3217974409044
17-Nov-2021 17:04:46,63.9216005560777,63.1099259688062,24.4867812250502
17-Nov-2021 17:05:06,64.2482324580046,63.3826660862701,24.4646038655682
17-Nov-2021 17:05:23,64.0791282515681,63.3720323708621,23.9342326929073
17-Nov-2021 17:05:43,64.0486935221614,63.3458751292032,24.4467239535739
17-Nov-2021 17:06:03,64.1462875154144,63.3722652270658,24.333614738959
17-Nov-2021 17:06:21,64.2432632481972,63.4393280651955,24.3991470629901
17-Nov-2021 17:06:41,64.4511222972374,63.6377302233204,24.4788004397491
17-Nov-2021 17:07:00,64.5363039870128,63.7835121267599,24.0807822502855
17-Nov-2021 17:07:20,64.3964580682342,63.8026086341113,24.1910439989907
17-Nov-2021 17:07:37,64.2780478734841,63.693697912425,24.1987172381994
17-Nov-2021 17:07:59,64.2149233746108,63.5730696892568,24.227798678411
17-Nov-2021 17:08:18,64.0241596092513,63.4758871951734,23.9597056930109
17-Nov-2021 17:08:37,63.8778138557131,63.3867022516461,23.8923404466746
17-Nov-2021 17:08:58,63.7733184079685,63.2586340706611,24.0517786819459
17-Nov-2021 17:09:18,63.6428201803112,63.1455500902437,23.851139526334
17-Nov-2021 17:09:37,63.4882628635451,63.089591632134,23.6978483573903
17-Nov-2021 17:09:55,63.4362537419358,62.9308020352094,24.0126475024183
17-Nov-2021 17:10:12,63.544852830146,62.7838934976199,24.5119515693181
17-Nov-2021 17:10:29,63.504098649514,62.7173871034577,24.1842916812025
17-Nov-2021 17:10:45,63.4771623984052,62.7008577288798,24.4077415026373
17-Nov-2021 17:11:05,63.5925941039526,62.8403124279897,24.2731480034762
17-Nov-2021 17:11:21,63.471418038999,62.8284387582305,24.2879577679711
17-Nov-2021 17:11:41,63.5603783636495,62.8355008708397,24.5014383142369
17-Nov-2021 17:12:00,63.6309428596847,62.8579289941022,24.5933727298323
17-Nov-2021 17:12:17,63.7563944921174,62.9318885386638,24.4842488826523
17-Nov-2021 17:12:37,63.880763998372,63.0689470031076,24.6447128413263
17-Nov-2021 17:12:55,64.0431811275664,63.1972407143758,24.5127189458451
17-Nov-2021 17:13:12,64.2285886077186,63.3828213340052,24.5064263480735
17-Nov-2021 17:13:29,64.3144633957344,63.5184235873399,24.4463402919142
17-Nov-2021 17:13:50,64.2895392859556,63.5903796418868,24.221890287724
17-Nov-2021 17:14:06,64.4279830764666,63.6903600193591,24.4807956549293
17-Nov-2021 17:14:27,64.8914973812642,63.9943561397104,24.71124900097
17-Nov-2021 17:14:44,65.2913098027245,64.3760207759804,24.7339654601943
17-Nov-2021 17:15:00,65.3356587352184,64.4998616121969,24.5246902698981
17-Nov-2021 17:15:17,65.2085940455548,64.5431875855995,24.2043186049663
17-Nov-2021 17:15:33,65.0152103295429,64.5354230367157,24.2154447484261
17-Nov-2021 17:15:51,64.9580516574859,64.4478401336668,24.4383597824504
17-Nov-2021 17:16:07,65.0703507018842,64.4205874160411,24.2699251539078
17-Nov-2021 17:16:24,64.9888053654369,64.3565327633559,24.1179194358415
17-Nov-2021 17:16:46,64.8602008014514,64.2899172366907,23.9597056374573
17-Nov-2021 17:17:04,64.6690116750759,64.1863475026368,23.8891179987558
17-Nov-2021 17:17:22,64.5737318287921,64.0522706350013,24.1517578412752
17-Nov-2021 17:17:41,64.6427647871312,63.9414109339461,24.3774306692923
17-Nov-2021 17:17:59,64.7694971970668,63.9286793864822,24.6940583899267
17-Nov-2021 17:18:16,64.8829547444146,64.0489323652543,24.419789192704
17-Nov-2021 17:18:35,64.6632652852469,64.0209065883459,24.3724428918975
17-Nov-2021 17:18:56,64.5385558771725,63.9776650635463,23.9768924169584
17-Nov-2021 17:19:13,64.4338066861137,63.9284464903363,24.2234251436648
17-Nov-2021 17:19:30,64.5314896472753,63.8588896293698,24.5054287545371
17-Nov-2021 17:19:46,64.6219537966794,63.847012315943,24.3925476621148
17-Nov-2021 17:20:07,64.5436808121539,63.8381625830074,24.2827396793673
17-Nov-2021 17:20:25,64.6745251323661,63.8727077356025,24.5545420623413
17-Nov-2021 17:20:42,64.9767678925868,64.0830138948751,24.5302155267363
17-Nov-2021 17:21:03,64.9380929422761,64.1372034652968,24.5348966262687
17-Nov-2021 17:21:22,64.9913682095883,64.2202751633226,24.4063602221117
17-Nov-2021 17:21:43,64.9572750568598,64.2689545851028,24.5497841605436
17-Nov-2021 17:22:04,64.8618316156335,64.2219831973206,24.4346761915275
17-Nov-2021 17:22:23,64.7911633149637,64.1655407716113,24.3145077040078
17-Nov-2021 17:22:41,64.7448026257008,64.1998564090057,23.8980181021745
17-Nov-2021 17:22:57,64.6511513384203,64.1033542922096,24.2187445249247
17-Nov-2021 17:23:16,64.7948131883666,64.0542891197342,24.5131793995361
17-Nov-2021 17:23:38,65.0212679532227,64.1337098443922,24.5296783371157
17-Nov-2021 17:23:59,65.0970669453381,64.2364239161269,24.3826486658477
17-Nov-2021 17:24:17,65.0661568983469,64.2896843156049,24.3561748283689
17-Nov-2021 17:24:33,65.0701954523955,64.3219049543933,24.5399615562352
17-Nov-2021 17:24:55,65.3108822886667,64.4524210974427,24.5944471034784
17-Nov-2021 17:25:10,65.3536004222965,64.4627477043138,24.5575349845757
17-Nov-2021 17:25:27,65.4652914949072,64.6366742288612,24.3286268427808
17-Nov-2021 17:25:46,65.2080503797242,64.639003663735,24.0642854908002
17-Nov-2021 17:26:03,65.3032708319287,64.6653264015536,24.2769080583932
17-Nov-2021 17:26:20,65.5497224829883,64.7387050244317,24.7462442384727
17-Nov-2021 17:26:38,65.3974064656131,64.6360530463673,24.5084983432644
17-Nov-2021 17:26:56,65.3718528619199,64.6675781999986,24.1542129166283
17-Nov-2021 17:27:12,65.2718151056415,64.6546109226786,24.0744136915156
17-Nov-2021 17:27:33,65.1649458029897,64.5070049291704,24.3423624385265
17-Nov-2021 17:27:51,65.2734461437485,64.4585549383559,24.5650554666844
17-Nov-2021 17:28:08,65.4762433236293,64.5638413957757,24.8836963451579
17-Nov-2021 17:28:24,65.7412730738638,64.7536915426494,24.756374494308
17-Nov-2021 17:28:46,65.8691349772664,64.8960280425387,24.7780167547215
17-Nov-2021 17:29:03,66.0079553869847,65.0684241172788,24.4964502925415
17-Nov-2021 17:29:24,65.9640635778123,65.1297744334284,24.2119917970598
17-Nov-2021 17:29:44,65.8448983177498,65.1256584906629,24.3062970584895
17-Nov-2021 17:30:01,65.6550506525364,65.0525042882947,24.0427247159866
17-Nov-2021 17:30:17,65.5223035312374,64.911558849517,24.4266188200512
17-Nov-2021 17:30:37,65.6222711468497,64.9025509698135,24.4581578814191
17-Nov-2021 17:30:56,65.494574108595,64.848426556514,24.2902596517137
17-Nov-2021 17:31:13,65.2746888207771,64.6874562950542,24.4526328572019
17-Nov-2021 17:31:33,65.1814885730039,64.4878267261666,24.5401916683276
17-Nov-2021 17:31:54,65.3346490613152,64.4582443696127,24.701886316334
17-Nov-2021 17:32:14,65.3989599230155,64.5900858714036,24.3948497326959
17-Nov-2021 17:32:32,65.1694504034815,64.5598814387293,24.0621370525766
17-Nov-2021 17:32:52,64.9374716652425,64.3892198948162,24.2848115133058
17-Nov-2021 17:33:12,64.9243471493003,64.3030383694388,24.5886148058893
17-Nov-2021 17:33:29,65.1315498512801,64.3545917322913,24.4333716556151
17-Nov-2021 17:33:45,65.2649805006611,64.4684157322537,24.536124622553
17-Nov-2021 17:34:06,65.4871952036326,64.6899410551986,24.2413804790675
17-Nov-2021 17:34:23,65.3831150767859,64.6944447027153,24.1358742665224
17-Nov-2021 17:34:42,65.3900277631235,64.7044614663783,24.384643799455
17-Nov-2021 17:34:59,65.2972902712506,64.6133023211524,24.2260338366436
17-Nov-2021 17:35:19,65.1532183503667,64.5462157660396,24.0938262093653
17-Nov-2021 17:35:41,65.1544610144602,64.4969111183561,24.4506377047451
17-Nov-2021 17:36:01,65.4647477922361,64.5282796648324,24.8249849840362
17-Nov-2021 17:36:17,65.7866378702116,64.7293870244072,24.8440948387825
17-Nov-2021 17:36:34,65.9331454555953,64.9360200254177,24.6388036861587
17-Nov-2021 17:36:55,65.8138259357933,64.9727509529199,24.6328945603504
17-Nov-2021 17:37:12,65.7130757525795,64.9220421881942,24.526378762278
17-Nov-2021 17:37:32,65.5222258549712,64.8850788600545,24.1843683578623
17-Nov-2021 17:37:51,65.5619174789389,64.8822056830377,24.382572016661
17-Nov-2021 17:38:10,65.8322362805224,64.9547348873403,24.6572218646998
17-Nov-2021 17:38:28,65.7408070072179,64.9562879918314,24.354563369716
17-Nov-2021 17:38:47,65.5148468614076,64.9072102170045,24.1078677464795
17-Nov-2021 17:39:07,65.3372897848105,64.811153438309,24.2096132908222
17-Nov-2021 17:39:26,65.3292898813237,64.7041508601738,24.644406007797
17-Nov-2021 17:39:45,65.3696781642424,64.6525920803816,24.3597814508575
17-Nov-2021 17:40:05,65.0664675512968,64.5143811922495,24.4868579725635
17-Nov-2021 17:40:23,65.0297331203491,64.3488462873941,24.6214601654052
17-Nov-2021 17:40:41,65.1101144888985,64.3266410146991,24.4735055622464
17-Nov-2021 17:41:02,64.9813499025706,64.3139079901253,24.2105338929463
17-Nov-2021 17:41:20,64.7889889333391,64.2038159389244,24.2571874135285
17-Nov-2021 17:41:39,64.7463557327648,64.1020344889453,24.2030908907896
17-Nov-2021 17:41:58,64.8415628721124,64.0734648210847,24.4872416730541
17-Nov-2021 17:42:19,64.8527456071573,64.0824704487234,24.2335539008621
17-Nov-2021 17:42:35,64.8275068262669,64.1303714933398,24.3683757706884
17-Nov-2021 17:42:55,64.8417958431529,64.0764925712394,24.6917560928354
17-Nov-2021 17:43:15,64.8525903051157,64.1198906547011,24.5038172970373
17-Nov-2021 17:43:35,64.7354063121646,64.128663502512,24.4075113227816
17-Nov-2021 17:43:54,64.659615577778,64.0422558547901,24.705953613334
17-Nov-2021 17:44:13,64.6120919270239,63.9061663984149,24.6716494239871
17-Nov-2021 17:44:31,64.6786407429776,63.9216149480403,24.5055054784165
17-Nov-2021 17:44:50,64.6465698029476,63.9255741378252,24.6521568275137
17-Nov-2021 17:45:09,64.7667792181284,64.0173354533563,24.7021932012424
17-Nov-2021 17:45:26,64.75489786552,64.0713686846301,24.3481943029769
17-Nov-2021 17:45:47,64.8630742398544,64.1396878343348,24.5969030559584
17-Nov-2021 17:46:06,65.1601305514605,64.2734576603955,24.6768679878699
17-Nov-2021 17:46:25,65.1493351096506,64.3660826505026,24.5369687292836
17-Nov-2021 17:46:41,65.0225105281478,64.3990804424637,24.4458798530297
17-Nov-2021 17:46:59,64.975059375502,64.4016426386226,24.1935762045626
17-Nov-2021 17:47:20,64.8405533276008,64.2924793466952,24.2446031883222
17-Nov-2021 17:47:38,64.8636954193248,64.1747795743382,24.3965379626752
17-Nov-2021 17:47:56,64.9520718273404,64.1330111248149,24.6030421205437
17-Nov-2021 17:48:14,65.1740326706258,64.2618894234229,24.7725676561797
17-Nov-2021 17:48:33,65.2486701607122,64.3458959276157,24.7694978586104
17-Nov-2021 17:48:51,65.2364764005624,64.4121243684325,24.5400382320453
17-Nov-2021 17:49:10,65.1358214252883,64.4497035762237,24.5018987499103
17-Nov-2021 17:49:28,65.0714379896805,64.4208203435303,24.4995970723627
17-Nov-2021 17:49:46,64.9770008865822,64.3853377945792,24.32356240083
17-Nov-2021 17:50:04,64.8077042234112,64.3237683201748,24.4193287476112
17-Nov-2021 17:50:23,64.7363381753956,64.205058132008,24.3176537667978
17-Nov-2021 17:50:39,64.7223602521107,64.1929466706316,24.2683905432994
17-Nov-2021 17:50:55,64.7939589601823,64.1435696437183,24.5318271127571
17-Nov-2021 17:51:15,64.6760005087529,64.0208289544418,24.3546400822498
17-Nov-2021 17:51:33,64.5745083441507,63.9863599058247,24.5088052873681
17-Nov-2021 17:51:54,64.5613076036848,63.8567936278702,24.7794747965356
17-Nov-2021 17:52:14,64.7830871041987,63.9405570004173,24.9558399029572
17-Nov-2021 17:52:33,64.9194545859299,64.0762596676646,24.5421103396295
17-Nov-2021 17:52:50,64.8646273159009,64.1221420922724,24.3635415334763
17-Nov-2021 17:53:09,64.8185762243201,64.1709753516216,24.29808649043
17-Nov-2021 17:53:27,64.8335641187865,64.1271884206551,24.5761828672455
17-Nov-2021 17:53:47,64.8731697523574,64.1178721296555,24.6313597616211
17-Nov-2021 17:54:06,64.8553859851555,64.0950473177598,24.6848492129053
17-Nov-2021 17:54:26,64.926366304648,64.1248593481994,24.8419459048832
17-Nov-2021 17:54:49,64.928851406677,64.261190673258,24.4204799365982
17-Nov-2021 17:55:06,64.8871483214801,64.3134421460251,24.1437009558395
17-Nov-2021 17:55:27,64.6775535881574,64.2351040674412,23.8872766379387
17-Nov-2021 17:55:45,64.6183041212136,64.0778900094968,24.543108003684
17-Nov-2021 17:56:04,64.6072774708634,63.9199070671317,24.6673519235848
17-Nov-2021 17:56:24,64.5549402026975,63.8980928133526,24.389401547216
17-Nov-2021 17:56:42,64.4936740383987,63.8630040024478,24.6411061894623
17-Nov-2021 17:57:00,64.4730193206083,63.7783886985984,24.3478108232829
17-Nov-2021 17:57:18,64.3416394397003,63.7256022501194,24.3254807112218
17-Nov-2021 17:57:36,64.4445997953627,63.7016933758886,24.8237569986235
17-Nov-2021 17:57:53,64.5526883465113,63.7075153290172,24.9425622776361
17-Nov-2021 17:58:11,64.670642393406,63.8136318698648,24.7458605351642
17-Nov-2021 17:58:27,64.6572859591654,63.8411124927794,24.6730309165827
17-Nov-2021 17:58:47,64.7012381381525,63.9482425171194,24.8275943858428
17-Nov-2021 17:59:05,64.5549402032497,63.9440504070303,24.2893388076132
17-Nov-2021 17:59:23,64.4112887465417,63.8827220042959,24.176695282807
17-Nov-2021 17:59:39,64.334263082885,63.82496565751,24.3629275406967
17-Nov-2021 17:59:57,64.5407301151333,63.7578950310817,24.8413319307973
17-Nov-2021 18:00:15,64.8082478267576,63.863469777099,24.9265985333733
17-Nov-2021 18:00:34,64.8917302177966,63.964622855371,24.9570678436494
17-Nov-2021 18:00:51,65.0308203787548,64.1056833491237,25.0093345322957
17-Nov-2021 18:01:10,65.1977984276845,64.2858023372963,24.8532276820266
17-Nov-2021 18:01:32,65.3010184150683,64.4424051172978,24.7909097912279
17-Nov-2021 18:01:50,65.5066134541998,64.6653263944946,24.6048838961846
17-Nov-2021 18:02:09,65.4403587140128,64.7091204234642,24.5954447358132
17-Nov-2021 18:02:28,65.4715052806346,64.7833541775205,24.5200091796322
17-Nov-2021 18:02:49,65.5166333967257,64.826062639688,24.8316618712963
17-Nov-2021 18:03:06,65.6407581243591,64.8643454162269,24.6843120612221
17-Nov-2021 18:03:27,65.5417220122949,64.8084356242112,24.8137032605332
17-Nov-2021 18:03:48,65.4958945529603,64.7807916880789,24.5806337990996
17-Nov-2021 18:04:05,65.5976479345047,64.84050598336,24.8123987990946
17-Nov-2021 18:04:21,65.767528627968,64.9264684960722,24.783388746615
17-Nov-2021 18:04:37,65.717736444797,64.9433972392195,24.6833910851866
17-Nov-2021 18:04:55,65.7571196042655,64.9892916542536,24.7796282788034
17-Nov-2021 18:05:16,65.6595559092317,65.0165490397378,24.6149372288336
17-Nov-2021 18:05:32,65.542421094138,65.0016389876552,24.6140928531935
17-Nov-2021 18:05:49,65.6572255746779,64.9598601405359,24.564594991598
17-Nov-2021 18:06:10,65.5931427430882,64.9354764413235,24.0928288238375
17-Nov-2021 18:06:29,65.3882413475046,64.9283322128723,24.03528207536
17-Nov-2021 18:06:49,65.1984197632323,64.746625349893,24.4675200168554
17-Nov-2021 18:07:08,65.0789713429274,64.5566979589552,24.0990438298821
17-Nov-2021 18:07:25,64.8737133647166,64.4174040762172,24.3884806082193
17-Nov-2021 18:07:43,64.8264196377116,64.2063779737139,24.6727239193264
17-Nov-2021 18:08:01,64.9511398620886,64.1542058208808,24.8273640731759
17-Nov-2021 18:08:18,65.0974552761907,64.210104592817,24.8863825065898
17-Nov-2021 18:08:34,65.2252923741811,64.3753996415738,24.5144840426795
17-Nov-2021 18:08:52,65.0241414323941,64.4245471979221,24.1545198354883
17-Nov-2021 18:09:09,64.9113779811338,64.3908503768669,24.1108602257212
17-Nov-2021 18:09:29,64.7788935874693,64.2497777569304,24.3028440489204
17-Nov-2021 18:09:49,64.7110226239146,64.1137574460924,24.6088745580383
17-Nov-2021 18:10:08,64.5940766055732,63.9622938905889,24.5731900296223
17-Nov-2021 18:10:25,64.4589648061535,63.8744155907419,24.3687595967402
17-Nov-2021 18:10:44,64.4703792104326,63.7359265954523,24.7373418616719
17-Nov-2021 18:11:07,64.2924121614338,63.6656751336223,24.3728264440758
17-Nov-2021 18:11:24,64.1533529041707,63.6162283189818,24.4254677012277
17-Nov-2021 18:11:42,64.0715971808896,63.4602854858342,24.5410358398545
17-Nov-2021 18:11:59,64.0748580790878,63.3974136331088,24.7643559836518
17-Nov-2021 18:12:19,64.2730786064838,63.4779053315649,24.909099907899
17-Nov-2021 18:12:40,64.4064745910208,63.5829278172774,24.7417163176594
17-Nov-2021 18:12:57,64.6600038698281,63.7608448833509,24.9481649451233
17-Nov-2021 18:13:13,64.7859603294681,63.9133084325451,24.7259837303823
17-Nov-2021 18:13:30,64.6978989998588,63.9510372594783,24.5512422088891
17-Nov-2021 18:13:50,64.5381676054386,63.9657873280989,24.6400315593702
17-Nov-2021 18:14:10,64.5270635693789,63.9963745243113,24.2210464978656
17-Nov-2021 18:14:32,64.4265853862498,63.9966850591359,24.1566683164508
17-Nov-2021 18:14:48,64.4226253522861,63.8834206761239,24.5365852103808
17-Nov-2021 18:15:06,64.5614629260269,63.8367652586724,24.8736424289502
17-Nov-2021 18:15:25,64.5634042497106,63.8758905626926,24.3620834542691
17-Nov-2021 18:15:42,64.4624591061032,63.8664973601645,24.500901168999
17-Nov-2021 18:16:02,64.9211631537582,64.1198906657764,24.9521560067407
17-Nov-2021 18:16:19,65.1716250511793,64.3621229374507,24.5677415325661
17-Nov-2021 18:16:39,65.0168412025018,64.3473711086926,24.5355873467593
17-Nov-2021 18:16:59,65.1190458760263,64.3620452961238,24.6984327612205
17-Nov-2021 18:17:19,65.0697293996156,64.3787382362147,24.7192302656282
17-Nov-2021 18:17:40,64.9971928095047,64.3629769951768,24.5338990667208
17-Nov-2021 18:17:57,65.0896888946484,64.4008662200949,24.6796306794207
17-Nov-2021 18:18:17,64.9793307038887,64.2963613358084,24.7562977491885
17-Nov-2021 18:18:35,65.0004545853837,64.3367343024042,24.5320572721509
17-Nov-2021 18:18:52,64.8963120798311,64.3704305760545,24.4525561912243
17-Nov-2021 18:19:13,64.8676560001684,64.2522621969501,24.8986621904615
17-Nov-2021 18:19:33,64.9666719783749,64.3103365375806,24.696744511589
17-Nov-2021 18:19:50,64.9429855434044,64.3411598297848,24.6862307562354
17-Nov-2021 18:20:06,65.0656132509175,64.3701976516344,24.787686530023
17-Nov-2021 18:20:22,64.9949406162967,64.350166186195,24.6505452333375
17-Nov-2021 18:20:41,64.8679666399753,64.2785042229308,24.6510056865948
17-Nov-2021 18:21:02,64.7783499958024,64.2004775099344,24.6226879774236
17-Nov-2021 18:21:20,64.8971663790104,64.1926361273068,24.85691155778
17-Nov-2021 18:21:42,65.0013088552022,64.2703520896855,24.6340457719056
17-Nov-2021 18:22:02,64.9200758515954,64.2534267784023,24.4134967408614
17-Nov-2021 18:22:21,64.922017345165,64.2451970712821,24.5068867819624
17-Nov-2021 18:22:41,64.8502605494368,64.266081935308,24.1334956247134
17-Nov-2021 18:23:01,64.7858050122105,64.3357249715656,24.0830842018767
17-Nov-2021 18:23:20,64.8191975440819,64.2798240895352,24.603809558678
17-Nov-2021 18:23:37,64.9295503949965,64.2375885061426,24.6647427793439
17-Nov-2021 18:23:54,64.6777088979401,64.1232289925756,24.1980266893872
17-Nov-2021 18:24:11,64.6290978522092,64.1097980299888,24.4211712787016
17-Nov-2021 18:24:29,64.661013337593,63.9858941072986,24.908792938901
17-Nov-2021 18:24:46,64.8603561096056,64.0284370370279,25.0061877432482
17-Nov-2021 18:25:03,64.8799260496733,64.0650802907132,24.7490070674099
17-Nov-2021 18:25:26,64.9827478180875,64.1847947581701,24.8492369742574
17-Nov-2021 18:25:44,65.0887569404661,64.3219825840654,24.5879242941623
17-Nov-2021 18:26:04,64.9444610812467,64.3095601359235,24.651773109228
17-Nov-2021 18:26:23,65.0664675503917,64.3124328232458,24.8546091241408
17-Nov-2021 18:26:40,65.3445131703362,64.4919419183433,24.9351945463137
17-Nov-2021 18:26:58,65.7170373403981,64.8331289952372,24.9139350572317
