Time,setDynLoad / N,peak_dynLoad / N,setStatLoad / N,meanAbs_statLoad / N,setSpeed / rpm,meanAbs_speed / rpm
24-Aug-2022 08:49:23,1000,1032.85679525,3000,3037.68905206902,2477.66842367181,2477.30546798678
24-Aug-2022 08:49:36,1000,1052.075122,3000,3038.08653001024,2346.5294298769,2348.24269152135
24-Aug-2022 08:49:48,1000,822.9617245,3000,3039.52691435919,2616.36160587472,2616.39148134949
24-Aug-2022 08:50:00,1000,864.84030375,3000,3039.30924786756,1989.06257428566,1990.29481633099
24-Aug-2022 08:50:12,1000,861.14729075,3000,3040.21966162818,2403.82477899808,2401.94735746246
24-Aug-2022 08:50:24,1000,906.96997025,3000,3040.73070469547,1984.61277605236,1985.56553451751
24-Aug-2022 08:50:36,1000,796.1062845,3000,3041.32313610312,2251.1994756233,2254.36833740371
24-Aug-2022 08:50:48,1000,941.21143625,3000,3041.34774188044,2170.39461551171,2171.64542134275
24-Aug-2022 08:51:00,1000,1044.43800875,3000,3042.29033242679,1806.66938131864,1804.86894256386
24-Aug-2022 08:51:12,1000,971.75988925,3000,3043.03039849831,2097.89925528936,2097.99622059453
24-Aug-2022 08:51:24,1000,788.46917125,3000,3042.79758998988,1587.49658365633,1589.03432506519
24-Aug-2022 08:51:38,1000,945.1555365,3000,3043.31052580927,2169.79169373591,2171.4117634377
24-Aug-2022 08:51:50,1000,761.8648185,3000,3044.01652234298,2491.53605992525,2489.7282799386
24-Aug-2022 08:52:02,1000,929.88131,3000,3044.86636803637,2501.46732808227,2501.22676870715
24-Aug-2022 08:52:14,1000,891.69574375,3000,3044.24933085142,2582.51256761038,2581.84447285868
24-Aug-2022 08:52:26,1000,891.69574375,3000,3046.23861330967,2629.50875058209,2629.19570546986
24-Aug-2022 08:52:37,1000,834.29185075,3000,3046.54902465425,2067.0641244679,2066.22676318093
24-Aug-2022 08:52:49,1000,811.380511,3000,3046.72126509545,2512.94415254823,2511.01863846328
24-Aug-2022 08:53:01,1000,945.1555365,3000,3047.76795700735,2415.00586001694,2414.74127314585
24-Aug-2022 08:53:13,1000,841.928964,3000,3047.63924986447,2277.96484766094,2280.60903644636
24-Aug-2022 08:53:25,1000,891.69574375,3000,3061.92952822779,2457.36819772265,2456.53396745698
24-Aug-2022 08:53:37,1000,868.784404,3000,3048.56859114611,1603.98782203439,1604.18085514551
24-Aug-2022 08:53:49,1000,952.79264975,3000,3048.0253712931,1823.13788097332,1822.95910409494
24-Aug-2022 08:54:01,1000,861.14729075,3000,3048.04429881412,1543.1687379172,1543.64627700921
24-Aug-2022 08:54:13,1000,800.05038475,3000,3048.92632129323,2379.45265919941,2378.1646479504
24-Aug-2022 08:54:25,1000,1013.88955575,3000,3049.69288589417,1630.79380270996,1632.43284478261
24-Aug-2022 08:54:37,1000,906.96997025,3000,3051.16544702882,1820.18704289705,1820.4083386315
24-Aug-2022 08:54:49,1000,903.02587,3000,3049.2480891504,1642.17966613194,1645.25195886751
24-Aug-2022 08:55:01,1000,922.24419675,3000,3049.37868904539,1558.7986423694,1559.06082645119
24-Aug-2022 08:55:13,1000,1009.9454555,3000,3050.97427906662,2681.87722176604,2682.44107327408
24-Aug-2022 08:55:25,1000,1009.9454555,3000,3051.20898032716,2111.36864999025,2113.02134019478
24-Aug-2022 08:55:37,1000,975.7039895,3000,3051.4550381003,2499.32171938707,2498.07925928032
24-Aug-2022 08:55:49,1000,815.32461125,3000,3052.16860564241,1914.34595227057,1915.18181753062
24-Aug-2022 08:56:01,1000,880.11453025,3000,3052.19888967602,1602.84281363841,1603.55891278059
24-Aug-2022 08:56:13,1000,971.75988925,3000,3052.21781719704,1761.78755604722,1762.27906245904
24-Aug-2022 08:56:25,1000,887.7516435,3000,3052.21024618863,2490.64196585187,2489.59656102154
24-Aug-2022 08:56:37,1000,975.7039895,3000,3052.25567223905,1707.41908671525,1709.87325957833
24-Aug-2022 08:56:49,1000,834.29185075,3000,3052.89542244923,1567.66591409536,1568.51137240496
24-Aug-2022 08:57:01,1000,746.590592,3000,3053.04873536942,2038.148038094,2040.42016387364
24-Aug-2022 08:57:13,1000,689.186699,3000,3053.3496829535,2548.39522917025,2549.53210443038
24-Aug-2022 08:57:25,1000,891.69574375,3000,3054.64243263854,2299.7671012607,2303.09746442555
24-Aug-2022 08:57:37,1000,693.13079925,3000,3054.0443229746,1987.76628209332,1988.81727369611
24-Aug-2022 08:57:49,1000,750.283605,3000,3054.31120102085,2265.67753263968,2269.84473746763
24-Aug-2022 08:58:00,1000,1162.6877205,3000,3054.23549093679,2248.33795921849,2251.94356394788
24-Aug-2022 08:58:12,1000,895.38875675,3000,3054.45505018053,1620.33022703896,1621.01796889177
24-Aug-2022 08:58:24,1000,803.74339775,3000,3054.95095123101,1870.20094227614,1870.10645872991
24-Aug-2022 08:58:36,1000,784.77615825,3000,3054.76167602091,2113.06876917404,2114.18046666493
24-Aug-2022 08:58:48,1000,922.24419675,3000,3055.11372791171,2118.23451344718,2119.14226100158
24-Aug-2022 08:59:00,1000,960.429763,3000,3055.38249871007,1808.62158103725,1807.04860429576
24-Aug-2022 08:59:12,1000,861.14729075,3000,3054.64053988644,1972.50421727481,1972.50818100002
24-Aug-2022 08:59:24,1000,841.928964,3000,3055.6209854748,2607.23733459947,2608.01759436998
24-Aug-2022 08:59:36,1000,1013.88955575,3000,3056.10174450847,2586.23487402557,2585.92203237818
24-Aug-2022 08:59:48,1000,1002.30834225,3000,3056.96483946658,1811.53898035198,1810.19496834072
24-Aug-2022 09:00:00,1000,941.21143625,3000,3055.39953347896,1825.98419780201,1825.57057479842
24-Aug-2022 09:00:12,1000,937.51842325,3000,3055.26704083191,1663.33049425022,1666.49650211681
24-Aug-2022 09:00:24,1000,777.139045,3000,3056.30048347911,1898.4825969373,1898.5428548509
24-Aug-2022 09:00:36,1000,1032.85679525,3000,3055.68533904624,1617.14677452972,1619.28958762353
24-Aug-2022 09:00:48,1000,727.37226525,3000,3056.45568915141,1556.66194180019,1556.03014597687
24-Aug-2022 09:01:00,1000,884.0586305,3000,3055.83865196642,1658.08734214211,1660.95170839944
24-Aug-2022 09:01:12,1000,891.69574375,3000,3055.80836793282,1545.84335129601,1547.14083714797
24-Aug-2022 09:01:24,1000,910.66298325,3000,3056.63928610519,2631.89173433843,2632.28709118423
24-Aug-2022 09:01:36,1000,868.784404,3000,3056.03739093705,2143.45071495545,2145.16419210373
24-Aug-2022 09:01:48,1000,872.477417,3000,3056.83613232371,2146.59144510484,2147.89249175976
24-Aug-2022 09:02:00,1000,788.46917125,3000,3057.03487129432,1982.31470150092,1982.77538423957
24-Aug-2022 09:02:12,1000,929.88131,3000,3056.24748642028,2112.33497309124,2114.1735943736
24-Aug-2022 09:02:24,1000,872.477417,3000,3057.09543936155,2263.15891580406,2266.07757643963
24-Aug-2022 09:02:36,1000,723.67925225,3000,3057.48534629438,1513.07951534728,1512.09673291799
24-Aug-2022 09:02:48,1000,960.429763,3000,3057.78061562215,2560.7709300925,2561.1611667342
24-Aug-2022 09:03:00,1000,1025.219682,3000,3057.67840700869,1970.88694258031,1972.14624032357
24-Aug-2022 09:03:12,1000,727.37226525,3000,3058.21027034911,2366.69924656108,2367.52175945173
24-Aug-2022 09:03:24,1000,906.96997025,3000,3057.98503284907,2028.68758109259,2029.89410432751
24-Aug-2022 09:03:36,1000,918.3000965,3000,3058.57367875252,2691.10843082145,2693.31074738644
24-Aug-2022 09:03:48,1000,895.38875675,3000,3058.28787318525,1665.67358253273,1669.06215754481
24-Aug-2022 09:04:00,1000,861.14729075,3000,3058.29733694577,2200.72246772164,2204.57973213595
24-Aug-2022 09:04:12,1000,773.19494475,3000,3058.47147013904,2529.90178642467,2530.75242300296
24-Aug-2022 09:04:24,1000,929.88131,3000,3058.7156351601,1712.82821289114,1715.71470720458
24-Aug-2022 09:04:36,1000,826.6547375,3000,3057.77115186165,1529.11497675924,1529.03234950658
24-Aug-2022 09:04:48,1000,765.5578315,3000,3058.8859828492,2470.37166883911,2469.11827825495
24-Aug-2022 09:04:59,1000,899.332857,3000,3058.2159486054,1930.88696809894,1930.21495480406
24-Aug-2022 09:05:11,1000,841.928964,3000,3058.56800049622,2432.42881052676,2431.03433049556
24-Aug-2022 09:05:23,1000,845.87306425,3000,3058.70427864748,1869.28381657829,1869.23138696786
24-Aug-2022 09:05:35,1000,933.574323,3000,3058.60585553824,1801.93257532994,1801.92302034921
24-Aug-2022 09:05:47,1000,941.21143625,3000,3057.98881835327,1523.34964022033,1524.03733909519
24-Aug-2022 09:05:59,1000,1059.71223525,3000,3058.19323558019,2456.56998284236,2456.14682837901
24-Aug-2022 09:06:11,1000,838.235951,3000,3058.95601467693,2335.99765918246,2340.96608039007
24-Aug-2022 09:06:23,1000,891.69574375,3000,3058.376832534,1791.31151925062,1790.14734916382
24-Aug-2022 09:06:35,1000,937.51842325,3000,3059.06579429878,1834.27348014677,1833.02815626786
24-Aug-2022 09:06:47,1000,830.59883775,3000,3058.50364692476,2041.78506765603,2042.44176290508
24-Aug-2022 09:06:59,1000,1040.4939085,3000,3058.12131100035,2326.96187319341,2330.71720326073
24-Aug-2022 09:07:11,1000,849.56607725,3000,3058.57557150461,2354.89971758771,2356.73684359904
24-Aug-2022 09:07:23,1000,853.5101775,3000,3059.60901415182,2297.28225487088,2301.1869674372
24-Aug-2022 09:07:35,1000,761.8648185,3000,3058.32004997098,2239.28879252204,2242.60870156475
24-Aug-2022 09:07:47,1000,868.784404,3000,3059.04118852148,2062.64867764643,2064.00128617351
24-Aug-2022 09:07:59,1000,761.8648185,3000,3058.30112244996,1937.19078403677,1938.1925396505
24-Aug-2022 09:08:11,1000,903.02587,3000,3059.28535354252,2578.51209585424,2579.38190180056
24-Aug-2022 09:08:23,1000,609.1225535,3000,3059.69797350057,2444.65203451825,2442.54312770115
24-Aug-2022 09:08:35,1000,800.05038475,3000,3058.80838001304,1586.32212024444,1589.0423427384
24-Aug-2022 09:08:47,1000,834.29185075,3000,3059.50491278626,2256.319640977,2258.5111836908
24-Aug-2022 09:08:59,1000,891.69574375,3000,3059.32888684086,1850.94483548461,1851.43673396367
24-Aug-2022 09:09:11,1000,735.0093785,3000,3058.80648726096,2195.87896331258,2199.59388477966
24-Aug-2022 09:09:23,1000,757.92071825,3000,3058.41468757603,1501.78850682283,1502.82715730244
24-Aug-2022 09:09:35,1000,826.6547375,3000,3059.24371299629,2217.75330845785,2222.64354988372
24-Aug-2022 09:09:47,1000,861.14729075,3000,3058.41468757602,2233.85799051269,2237.35483484679
24-Aug-2022 09:09:59,1000,910.66298325,3000,3058.07588494991,1845.04279188831,1845.46814894792
24-Aug-2022 09:10:11,1000,925.93720975,3000,3058.02667339529,2279.2848231315,2282.36032535235
24-Aug-2022 09:10:23,1000,887.7516435,3000,3058.84812780717,1637.93653450285,1641.58444606373
24-Aug-2022 09:10:35,1000,857.2031905,3000,3058.7080641517,2384.98365483738,2385.37940845977
24-Aug-2022 09:10:47,1000,830.59883775,3000,3057.63865921456,1594.62283550502,1597.08177820677
24-Aug-2022 09:10:59,1000,773.19494475,3000,3058.11941824826,1980.41512609751,1981.47766656103
24-Aug-2022 09:11:11,1000,1048.13102175,3000,3058.5509657273,2461.67847460557,2461.33426294751
24-Aug-2022 09:11:23,1000,880.11453025,3000,3059.13961163074,1854.72427826418,1854.44908832779
24-Aug-2022 09:11:35,1000,838.235951,3000,3057.87903873141,2001.29320329721,2001.26299328567
24-Aug-2022 09:11:47,1000,834.29185075,3000,3057.79954314317,1576.8183425287,1576.75239508552
24-Aug-2022 09:11:59,1000,1032.85679525,3000,3058.23487612642,2434.44037342144,2433.27813361317
24-Aug-2022 09:12:11,1000,895.38875675,3000,3059.15664639964,2093.81139034926,2095.53364953641
24-Aug-2022 09:12:23,1000,800.05038475,3000,3058.66831635758,2284.55883523392,2288.64389038718
24-Aug-2022 09:12:35,1000,887.7516435,3000,3057.96042707176,1744.47335464355,1747.0443379734
24-Aug-2022 09:12:47,1000,757.92071825,3000,3058.30301520207,1667.02201866073,1669.86507024794
24-Aug-2022 09:12:58,1000,861.14729075,3000,3058.35033400459,2586.26110986343,2586.95058531316
24-Aug-2022 09:13:10,1000,937.51842325,3000,3059.2361419879,1560.73734849397,1561.34357255298
24-Aug-2022 09:13:22,1000,807.687498,3000,3058.61531929874,2548.93240002453,2549.75889004411
24-Aug-2022 09:13:34,1000,830.59883775,3000,3058.99197696686,2616.05684556857,2617.5906961857
24-Aug-2022 09:13:46,1000,1021.526669,3000,3059.4216316938,2532.06703895447,2533.56433553677
24-Aug-2022 09:13:58,1000,918.3000965,3000,3059.62604892072,2435.02058957538,2434.05699329667
24-Aug-2022 09:14:10,1000,822.9617245,3000,3060.474001862,2216.25183254506,2219.47885972855
24-Aug-2022 09:14:22,1000,670.2194595,3000,3058.8708408324,1680.74951235456,1684.25221213682
24-Aug-2022 09:14:34,1000,849.56607725,3000,3059.15286089545,2415.013730145,2415.3334355817
24-Aug-2022 09:14:46,1000,952.79264975,3000,3059.40459692488,1805.73058862288,1806.21591166355
24-Aug-2022 09:14:58,1000,990.978216,3000,3059.0809363156,1704.70470977086,1707.60883958674
24-Aug-2022 09:15:10,1000,895.38875675,3000,3058.29544419364,1522.56849534743,1523.83918802865
24-Aug-2022 09:15:22,1000,830.59883775,3000,3057.96421257595,2030.19505097409,2032.55940797972
24-Aug-2022 09:15:34,1000,887.7516435,3000,3058.57557150462,2613.40480147402,2614.92768329727
24-Aug-2022 09:15:46,1000,1052.075122,3000,3059.66011845854,2506.34540616411,2507.15755612056
24-Aug-2022 09:15:58,1000,956.48566275,3000,3058.77052497104,1812.25120484422,1811.2590281142
24-Aug-2022 09:16:10,1000,830.59883775,3000,3059.51626929887,2302.26163768239,2306.38471044268
24-Aug-2022 09:16:22,1000,838.235951,3000,3059.07147255511,2400.5403235989,2400.0838211315
24-Aug-2022 09:16:34,1000,937.51842325,3000,3059.64686919383,1770.70530850333,1770.08598540425
24-Aug-2022 09:16:46,1000,857.2031905,3000,3059.219107219,2565.09467344097,2565.37846284398
24-Aug-2022 09:16:58,1000,838.235951,3000,3059.19828694588,1737.12900359168,1740.43090295497
24-Aug-2022 09:17:10,1000,952.79264975,3000,3059.6033358955,2475.1181082334,2474.11328866633
24-Aug-2022 09:17:22,1000,956.48566275,3000,3058.80838001305,1846.68226331975,1847.92270233283
24-Aug-2022 09:17:34,1000,918.3000965,3000,3059.64876194594,2440.40179993061,2439.89156863158
24-Aug-2022 09:17:46,1000,811.380511,3000,3060.45885984521,2648.44178066197,2650.75408335641
24-Aug-2022 09:17:58,1000,914.6070835,3000,3059.24371299631,2157.15047566241,2161.0575111747
24-Aug-2022 09:18:10,1000,876.42151725,3000,3059.95349503421,2242.61712213317,2246.8649406587
24-Aug-2022 09:18:22,1000,891.69574375,3000,3059.84371541235,2609.19994904054,2610.38853487711
24-Aug-2022 09:18:34,1000,975.7039895,3000,3059.56548085348,1799.47481709601,1799.61278508212
24-Aug-2022 09:18:46,1000,983.34110275,3000,3059.37242013917,1794.4789286412,1793.94887164843
24-Aug-2022 09:18:58,1000,784.77615825,3000,3058.78755973994,1661.40174262923,1665.81729065753
24-Aug-2022 09:19:10,1000,830.59883775,3000,3058.48282665167,2038.66598064196,2042.05462382711
24-Aug-2022 09:19:22,1000,822.9617245,3000,3058.51121793318,1860.38718589449,1860.68111117767
24-Aug-2022 09:19:34,1000,895.38875675,3000,3058.35411950879,1753.01831682574,1756.23717300248
24-Aug-2022 09:19:46,1000,895.38875675,3000,3058.2235196138,1765.15774029845,1765.84005474728
24-Aug-2022 09:19:58,1000,884.0586305,3000,3058.2045920928,1563.91643076352,1565.24130711615
24-Aug-2022 09:20:10,1000,853.5101775,3000,3057.95853431966,2444.4078255997,2443.09863791659
24-Aug-2022 09:20:22,1000,735.0093785,3000,3059.17557392066,2456.4168162329,2456.63132491743
24-Aug-2022 09:20:34,1000,849.56607725,3000,3058.8973393618,1936.49078847678,1938.56020723639
24-Aug-2022 09:20:46,1000,796.1062845,3000,3058.35979776508,1614.45884865421,1617.87160484681
24-Aug-2022 09:20:58,1000,941.21143625,3000,3058.25191089534,2003.55530103429,2004.76213495197
24-Aug-2022 09:21:10,1000,761.8648185,3000,3058.64749608446,1885.01569493962,1884.47069298106
24-Aug-2022 09:21:22,1000,803.74339775,3000,3058.21216310121,2043.86428491107,2046.41967420037
24-Aug-2022 09:21:34,1000,716.042139,3000,3057.64623022298,1585.68060119047,1588.94498527797
24-Aug-2022 09:21:46,1000,903.02587,3000,3057.13140165146,1587.92496264844,1590.61380668805
24-Aug-2022 09:21:58,1000,1006.2524425,3000,3057.64244471877,2630.90986294087,2631.9136966889
24-Aug-2022 09:22:10,1000,811.380511,3000,3058.31437171466,2497.51182243453,2496.78039621991
24-Aug-2022 09:22:22,1000,929.88131,3000,3058.189450076,1700.11490393706,1702.14765874713
24-Aug-2022 09:22:34,1000,994.671229,3000,3058.55285847941,2659.08723444681,2659.77969262989
24-Aug-2022 09:22:46,1000,960.429763,3000,3059.23614198791,2268.73995647509,2273.86044636521
24-Aug-2022 09:22:58,1000,975.7039895,3000,3058.85948431977,2439.83953825089,2439.57200708497
24-Aug-2022 09:23:10,1000,1074.98646175,3000,3058.25948190373,1699.12831161876,1701.33787375267
24-Aug-2022 09:23:22,1000,735.0093785,3000,3057.81847066419,1804.7480971712,1805.37291059436
24-Aug-2022 09:23:34,1000,910.66298325,3000,3058.57935700882,1971.99568577934,1973.3992881085
24-Aug-2022 09:23:45,1000,1048.13102175,3000,3058.22730511801,1869.48807787853,1870.33897125307
24-Aug-2022 09:23:57,1000,906.96997025,3000,3058.44686436175,2313.98506157025,2318.71589184352
24-Aug-2022 09:24:09,1000,815.32461125,3000,3057.92635753393,2656.36667852762,2657.314830808
24-Aug-2022 09:24:21,1000,815.32461125,3000,3058.75159745001,1825.44711455702,1826.31163687963
24-Aug-2022 09:24:33,1000,1074.98646175,3000,3057.93771404654,1829.69888783501,1830.02725572263
24-Aug-2022 09:24:45,1000,750.283605,3000,3057.76547360535,1833.56949262841,1832.93652571686
24-Aug-2022 09:24:57,1000,884.0586305,3000,3058.24623263903,2325.24328173257,2329.4641554758
24-Aug-2022 09:25:09,1000,876.42151725,3000,3058.60017728192,1747.86543582307,1750.29836791578
24-Aug-2022 09:25:21,1000,757.92071825,3000,3058.42793684073,2648.48961315307,2651.35540884735
24-Aug-2022 09:25:33,1000,1002.30834225,3000,3058.65695984496,1862.77597945179,1862.94667655115
24-Aug-2022 09:25:45,1000,864.84030375,3000,3058.79134524415,2696.88788399456,2699.88294865692
24-Aug-2022 09:25:57,1000,864.84030375,3000,3058.77241772313,2087.53712538421,2090.66119498698
24-Aug-2022 09:26:09,1000,922.24419675,3000,3059.19828694588,2639.76234316021,2640.60027292372
24-Aug-2022 09:26:21,1000,922.24419675,3000,3058.97115669375,1654.1792268699,1656.96692481284
24-Aug-2022 09:26:33,1000,880.11453025,3000,3059.24371299629,1829.63484207318,1830.15668387592
24-Aug-2022 09:26:45,1000,952.79264975,3000,3058.13834576926,1797.35390272219,1797.62554750731
24-Aug-2022 09:26:57,1000,876.42151725,3000,3058.5661077441,2490.62073507523,2490.49568580322
24-Aug-2022 09:27:09,1000,914.6070835,3000,3058.91248137861,2426.77740218033,2426.183638202
24-Aug-2022 09:27:21,1000,845.87306425,3000,3059.57683736609,2574.23033368596,2576.35694823568
24-Aug-2022 09:27:33,1000,884.0586305,3000,3059.2115362106,2113.89235805956,2116.02567688569
24-Aug-2022 09:27:45,1000,838.235951,3000,3058.72320616849,1624.02442294239,1625.31658711556
24-Aug-2022 09:27:57,1000,845.87306425,3000,3058.65506709286,1585.86900207886,1589.36992195823
24-Aug-2022 09:28:09,1000,769.50193175,3000,3058.72131341641,2680.05189093229,2681.48467939803
24-Aug-2022 09:28:21,1000,929.88131,3000,3058.72888442482,1765.52769395656,1765.93053991639
24-Aug-2022 09:28:33,1000,891.69574375,3000,3058.22351961381,1623.42553675818,1625.6705101188
24-Aug-2022 09:28:44,1000,948.8485495,3000,3058.43361509703,2339.07679911728,2343.78601059709
24-Aug-2022 09:28:56,1000,853.5101775,3000,3058.37872528611,1774.88922514326,1775.423465
24-Aug-2022 09:29:08,1000,998.61532925,3000,3058.14213127347,2089.91556877223,2091.45723539879
24-Aug-2022 09:29:20,1000,693.13079925,3000,3058.3484412525,2290.06369255814,2294.71899591848
24-Aug-2022 09:29:32,1000,757.92071825,3000,3057.81089965577,1654.90413162829,1659.24967091462
24-Aug-2022 09:29:44,1000,807.687498,3000,3059.04497402568,2646.14975793756,2648.30296611717
24-Aug-2022 09:29:56,1000,971.75988925,3000,3057.84686194569,1872.69138401649,1873.28947499528
24-Aug-2022 09:30:08,1000,857.2031905,3000,3058.23866163062,1858.52606375487,1858.77405033499
24-Aug-2022 09:30:20,1000,975.7039895,3000,3058.78945249203,1968.52873524677,1970.67327921625
24-Aug-2022 09:30:32,1000,830.59883775,3000,3058.09102696674,2400.00240952154,2399.213330897
24-Aug-2022 09:30:44,1000,1067.3493485,3000,3058.88976835338,1854.13197763866,1853.94855644296
24-Aug-2022 09:30:56,1000,796.1062845,3000,3059.35727812237,2306.12317040198,2309.66279340471
24-Aug-2022 09:31:08,1000,822.9617245,3000,3058.91437413071,2207.1318598179,2210.0913097786
24-Aug-2022 09:31:20,1000,780.832058,3000,3057.8771459793,1546.15225378051,1548.08348644138
24-Aug-2022 09:31:32,1000,815.32461125,3000,3057.72951131542,2314.57085969153,2319.45809930661
24-Aug-2022 09:31:44,1000,1021.526669,3000,3057.22982476074,1763.96325450492,1764.38541975016
24-Aug-2022 09:31:56,1000,822.9617245,3000,3057.98881835327,2200.58404429495,2204.93709128485
24-Aug-2022 09:32:08,1000,780.832058,3000,3058.25948190374,2158.50296734885,2162.47205780576
24-Aug-2022 09:32:20,1000,887.7516435,3000,3058.67210186178,2020.58460117789,2022.53502570031
24-Aug-2022 09:32:32,1000,838.235951,3000,3058.10049072725,2195.85035701058,2200.50331799833
24-Aug-2022 09:32:44,1000,822.9617245,3000,3057.86200396249,2178.81816797322,2182.75677103338
24-Aug-2022 09:32:56,1000,838.235951,3000,3058.19134282809,2643.24922877684,2645.35131699308
24-Aug-2022 09:33:08,1000,968.06687625,3000,3058.40333106343,1903.31184583444,1903.12896392845
24-Aug-2022 09:33:20,1000,765.5578315,3000,3058.46200637856,1789.31341548898,1788.53694223
24-Aug-2022 09:33:32,1000,880.11453025,3000,3058.62289030714,1760.71847084648,1762.08549292005
24-Aug-2022 09:33:43,1000,964.122776,3000,3057.75033158854,2344.5320669952,2348.95053752783
24-Aug-2022 09:33:55,1000,811.380511,3000,3057.82225616838,1527.85483501459,1528.16644079963
24-Aug-2022 09:34:07,1000,975.7039895,3000,3057.61973169356,2203.22840972329,2208.00556936146
24-Aug-2022 09:34:19,1000,826.6547375,3000,3057.97746184067,1610.23719330206,1613.28435038737
24-Aug-2022 09:34:31,1000,864.84030375,3000,3057.24496677754,2148.00610318869,2152.39040643198
24-Aug-2022 09:34:43,1000,803.74339775,3000,3058.40522381552,2591.48290297597,2592.54806659738
24-Aug-2022 09:34:55,1000,941.21143625,3000,3058.63235406765,2434.8344713189,2434.67549951592
24-Aug-2022 09:35:07,1000,914.6070835,3000,3058.66074534916,2476.51801233986,2477.9182472966
24-Aug-2022 09:35:19,1000,1013.88955575,3000,3059.35727812237,1980.5902273169,1981.43070590364
24-Aug-2022 09:35:31,1000,849.56607725,3000,3058.65128158865,2005.80009108822,2007.80426924517
24-Aug-2022 09:35:43,1000,887.7516435,3000,3058.95790742903,2551.97332786662,2553.63944387896
24-Aug-2022 09:35:55,1000,838.235951,3000,3058.56042948782,2361.1759946549,2363.30560872384
24-Aug-2022 09:36:07,1000,815.32461125,3000,3059.15096814337,2385.59694806621,2386.76532054365
24-Aug-2022 09:36:19,1000,910.66298325,3000,3058.64749608445,2103.88740461996,2106.99548608463
24-Aug-2022 09:36:31,1000,788.46917125,3000,3058.14780952978,2266.74672257879,2272.35999609258
24-Aug-2022 09:36:43,1000,864.84030375,3000,3059.0847218198,2167.49577678791,2170.68559132102
24-Aug-2022 09:36:55,1000,861.14729075,3000,3058.43172234494,2206.01193583354,2209.17042274105
24-Aug-2022 09:37:07,1000,811.380511,3000,3058.84623505507,2050.12315335383,2052.26455797229
24-Aug-2022 09:37:19,1000,628.089793,3000,3058.50743242898,2040.83951879719,2044.03040758305
24-Aug-2022 09:37:31,1000,731.3163655,3000,3058.21216310122,1704.32282250177,1708.09448150704
24-Aug-2022 09:37:43,1000,891.69574375,3000,3058.0115313785,2018.68306184669,2019.80787142618
24-Aug-2022 09:37:55,1000,742.64649175,3000,3058.87273358449,2062.91555070055,2065.48111957216
24-Aug-2022 09:38:07,1000,1006.2524425,3000,3058.95412192483,2443.95237459268,2443.05969493241
24-Aug-2022 09:38:19,1000,872.477417,3000,3059.28535354251,1934.37210019661,1935.13666077465
24-Aug-2022 09:38:31,1000,853.5101775,3000,3058.28787318525,1666.98816853552,1669.70357140181
24-Aug-2022 09:38:43,1000,937.51842325,3000,3058.74402644161,2093.44410878219,2095.65391463459
24-Aug-2022 09:38:55,1000,987.03411575,3000,3059.14907539123,2273.12781121829,2277.98611192399
24-Aug-2022 09:39:07,1000,811.380511,3000,3058.42604408864,2572.65984372361,2574.69385373503
24-Aug-2022 09:39:19,1000,872.477417,3000,3059.30049555933,2695.05674932413,2698.48558275417
24-Aug-2022 09:39:31,1000,895.38875675,3000,3059.69229524427,2667.24527936822,2670.0148251766
24-Aug-2022 09:39:43,1000,876.42151725,3000,3059.42163169381,2233.90379426667,2238.09131540045
24-Aug-2022 09:39:55,1000,933.574323,3000,3059.7301502863,1962.29747097263,1964.51799695282
24-Aug-2022 09:40:07,1000,800.05038475,3000,3058.92383789122,1827.7778070139,1828.6928858237
24-Aug-2022 09:40:19,1000,876.42151725,3000,3058.96169293325,1744.73527440553,1748.07632705404
24-Aug-2022 09:40:31,1000,941.21143625,3000,3057.73708232382,2110.95263086126,2113.8345613349
24-Aug-2022 09:40:43,1000,876.42151725,3000,3058.25001814324,1883.53954450518,1883.48566455781
24-Aug-2022 09:40:55,1000,773.19494475,3000,3058.63992507607,2046.42481270411,2049.0471802503
24-Aug-2022 09:41:07,1000,685.493686,3000,3058.0380299079,1626.86317969593,1629.35978517844
24-Aug-2022 09:41:18,1000,945.1555365,3000,3058.49796866848,2379.26549062696,2379.4749648297
24-Aug-2022 09:41:30,1000,857.2031905,3000,3058.84623505509,1519.47818536231,1520.74780231429
24-Aug-2022 09:41:42,1000,803.74339775,3000,3057.75222434064,2041.48654221508,2044.08767667742
24-Aug-2022 09:41:54,1000,964.122776,3000,3058.0493864205,2637.20373848217,2638.70810204557
24-Aug-2022 09:42:06,1000,952.79264975,3000,3058.29355144154,2166.05944977171,2169.53791866975
24-Aug-2022 09:42:18,1000,807.687498,3000,3057.73897507593,1694.81512024933,1697.21564433955
24-Aug-2022 09:42:30,1000,841.928964,3000,3058.35222675668,1760.41648288819,1762.71201681251
24-Aug-2022 09:42:42,1000,887.7516435,3000,3057.44749125236,1958.80044935218,1960.33849844533
24-Aug-2022 09:42:54,1000,864.84030375,3000,3058.30112244996,1833.51092671167,1833.79556213247
24-Aug-2022 09:43:06,1000,811.380511,3000,3057.72951131542,1882.19702308322,1882.60142974066
24-Aug-2022 09:43:18,1000,910.66298325,3000,3057.63487371035,2628.445017859,2630.58047217185
24-Aug-2022 09:43:29,1000,1021.526669,3000,3058.25380364743,1555.30959862606,1556.51464251528
24-Aug-2022 09:43:41,1000,700.7679125,3000,3057.39260144146,1641.24561610731,1645.59099190621
24-Aug-2022 09:43:53,1000,861.14729075,3000,3058.12888200875,1921.48911299035,1923.56944909278
24-Aug-2022 09:44:05,1000,876.42151725,3000,3058.30301520207,2686.82864275942,2689.27785776056
24-Aug-2022 09:44:17,1000,819.01762425,3000,3058.14780952977,2098.59793332472,2100.68214112072
24-Aug-2022 09:44:29,1000,1128.4462545,3000,3058.29922969787,2578.45728831333,2580.97627338796
24-Aug-2022 09:44:41,1000,800.05038475,3000,3058.78566698786,2529.22535847424,2531.31022398216
24-Aug-2022 09:44:53,1000,819.01762425,3000,3058.80838001307,1826.22618557812,1827.32300908627
24-Aug-2022 09:45:05,1000,765.5578315,3000,3059.21532171478,2250.27719600887,2255.28006138616
24-Aug-2022 09:45:17,1000,681.54958575,3000,3058.49418316428,1818.34952463174,1818.51616775336
24-Aug-2022 09:45:29,1000,769.50193175,3000,3058.59071352143,2255.76769617243,2259.6474025232
24-Aug-2022 09:45:41,1000,841.928964,3000,3059.25696226102,2621.42063477809,2623.73681539402
24-Aug-2022 09:45:53,1000,895.38875675,3000,3059.68661698796,2600.34016113889,2602.61482800664
24-Aug-2022 09:46:05,1000,956.48566275,3000,3059.16611016017,2156.38749845692,2161.11363488718
24-Aug-2022 09:46:17,1000,937.51842325,3000,3059.78693284932,2635.83958048463,2637.11487584005
24-Aug-2022 09:46:29,1000,857.2031905,3000,3059.36484913075,1614.38990109322,1618.11328042507
24-Aug-2022 09:46:41,1000,880.11453025,3000,3059.23046373159,1814.93988205398,1814.88530717002
24-Aug-2022 09:46:53,1000,830.59883775,3000,3059.2323564837,2033.5603053847,2036.97141901038
24-Aug-2022 09:47:05,1000,834.29185075,3000,3057.98503284907,1785.04341021409,1784.89004630019
24-Aug-2022 09:47:17,1000,880.11453025,3000,3058.95412192484,2644.56143399088,2647.65926149639
24-Aug-2022 09:47:29,1000,910.66298325,3000,3059.45570123161,1913.70425376785,1915.93204266693
24-Aug-2022 09:47:41,1000,933.574323,3000,3059.49544902575,2460.64474203731,2461.29302919956
24-Aug-2022 09:47:53,1000,922.24419675,3000,3059.7396140468,2428.1404937855,2428.20409185155
24-Aug-2022 09:48:05,1000,960.429763,3000,3059.7661125762,2283.7697100295,2288.27622280129
24-Aug-2022 09:48:17,1000,853.5101775,3000,3060.03866887875,2428.0227031951,2428.26708785536
24-Aug-2022 09:48:28,1000,948.8485495,3000,3059.24182024421,1510.53335280626,1510.83795822362
24-Aug-2022 09:48:40,1000,735.0093785,3000,3059.81910963503,2498.63137883696,2498.74243539319
24-Aug-2022 09:48:52,1000,819.01762425,3000,3060.17494703006,2492.11563121406,2492.42565428367
24-Aug-2022 09:49:04,1000,849.56607725,3000,3059.04875952988,1722.88826305399,1726.27283744357
24-Aug-2022 09:49:18,1000,803.74339775,3000,3060.14466299642,2090.97755760608,2093.40667537132
24-Aug-2022 09:49:30,1000,845.87306425,3000,3060.15980501324,2507.95909526868,2509.04056394358
24-Aug-2022 09:49:42,1000,887.7516435,3000,3059.78314734511,2486.54728179388,2487.96324644997
24-Aug-2022 09:49:54,1000,849.56607725,3000,3060.24308610569,2184.41618502604,2187.99574778682
24-Aug-2022 09:50:06,1000,937.51842325,3000,3060.58567423597,2250.32152133507,2255.95927284545
24-Aug-2022 09:50:18,1000,811.380511,3000,3059.46137948794,1771.81530015151,1772.16256276629
24-Aug-2022 09:50:30,1000,689.186699,3000,3059.49923452996,1965.56883000625,1968.69291393276
24-Aug-2022 09:50:42,1000,918.3000965,3000,3059.73393579049,2330.79520558538,2335.70992290834
24-Aug-2022 09:50:54,1000,945.1555365,3000,3059.98377906783,2487.39797068198,2488.4465976065
24-Aug-2022 09:51:06,1000,716.042139,3000,3059.70175900475,2458.88417330312,2459.65055157287
24-Aug-2022 09:51:18,1000,918.3000965,3000,3060.65002780743,2598.72998938089,2601.06169016719
24-Aug-2022 09:51:30,1000,834.29185075,3000,3060.2525498662,2419.27126142247,2419.41328586498
24-Aug-2022 09:51:42,1000,925.93720975,3000,3061.39198663105,1981.74041120266,1983.89098619799
24-Aug-2022 09:51:54,1000,830.59883775,3000,3060.95097539149,2495.81383990368,2496.36233183098
24-Aug-2022 09:52:05,1000,746.590592,3000,3061.14025060161,2349.41301293729,2352.44853381225
24-Aug-2022 09:52:17,1000,945.1555365,3000,3061.02668547552,1584.04457112742,1586.27051857065
24-Aug-2022 09:52:29,1000,887.7516435,3000,3060.69734660993,2217.97409367528,2223.53351161031
24-Aug-2022 09:52:41,1000,887.7516435,3000,3060.43803957211,1539.97705016201,1542.08626687843
24-Aug-2022 09:52:53,1000,723.67925225,3000,3059.97999356363,1756.75486038603,1759.5152559645
24-Aug-2022 09:53:05,1000,845.87306425,3000,3060.90176383687,2680.34829621636,2682.73543641917
24-Aug-2022 09:53:17,1000,849.56607725,3000,3060.70681037045,2073.95609802025,2075.80215576043
24-Aug-2022 09:53:29,1000,815.32461125,3000,3060.76359293348,2466.87887816718,2467.44945684487
24-Aug-2022 09:53:41,1000,1063.40524825,3000,3060.623529278,2317.31153653045,2323.06147072469
24-Aug-2022 09:53:53,1000,826.6547375,3000,3060.84498127382,2380.89111231859,2380.47259245372
24-Aug-2022 09:54:05,1000,1013.88955575,3000,3061.30870553861,2396.5221542394,2396.39798221753
24-Aug-2022 09:54:17,1000,811.380511,3000,3060.88851457216,2642.4198925407,2645.75334603559
24-Aug-2022 09:54:29,1000,754.22770525,3000,3061.63425889999,2615.49473820962,2617.87933242135
24-Aug-2022 09:54:41,1000,906.96997025,3000,3061.32195480329,1530.1052649079,1531.01156940818
24-Aug-2022 09:54:53,1000,654.945233,3000,3061.35034608483,2199.44626671846,2203.90052067666
24-Aug-2022 09:55:05,1000,918.3000965,3000,3060.31690343761,2511.12380336152,2512.84323181006
24-Aug-2022 09:55:17,1000,803.74339775,3000,3061.46580396301,2484.97417436259,2486.06305789861
24-Aug-2022 09:55:29,1000,769.50193175,3000,3060.4399323242,1758.73667824445,1761.99500775094
24-Aug-2022 09:55:41,1000,819.01762425,3000,3060.941511631,2219.02833360216,2224.44409021087
24-Aug-2022 09:55:53,1000,868.784404,3000,3060.97179566461,1713.40359694782,1717.15788838284
24-Aug-2022 09:56:05,1000,929.88131,3000,3060.42857581158,2679.58232515809,2682.22688686112
24-Aug-2022 09:56:17,1000,792.4132715,3000,3060.07841667289,1784.616667722,1784.51550642298
24-Aug-2022 09:56:29,1000,830.59883775,3000,3060.73330889987,2131.66484104621,2135.65065014614
24-Aug-2022 09:56:41,1000,796.1062845,3000,3060.19955280736,1534.78323882288,1536.18525939403
24-Aug-2022 09:56:53,1000,1006.2524425,3000,3059.96295879471,2293.61675749149,2299.69911636534
24-Aug-2022 09:57:05,1000,903.02587,3000,3059.29292455094,1643.77889910743,1646.8371673998
24-Aug-2022 09:57:17,1000,937.51842325,3000,3060.23740784938,2541.88330410568,2543.46272580853
24-Aug-2022 09:57:29,1000,826.6547375,3000,3059.46895049633,1720.21732691144,1722.48964106915
24-Aug-2022 09:57:41,1000,738.95347875,3000,3060.35665123177,2461.48899094111,2462.85418471222
24-Aug-2022 09:57:53,1000,1032.85679525,3000,3059.76232707201,2180.4130636857,2185.58586429551
24-Aug-2022 09:58:05,1000,784.77615825,3000,3060.49860763932,2500.895551398,2502.51417794868
24-Aug-2022 09:58:17,1000,662.58234625,3000,3059.33456509718,1830.47618719204,1831.16805608258
24-Aug-2022 09:58:29,1000,906.96997025,3000,3059.67147497116,1642.727892546,1647.09144217883
24-Aug-2022 09:58:41,1000,861.14729075,3000,3059.35349261816,2115.89794527373,2118.51917325478
24-Aug-2022 09:58:53,1000,933.574323,3000,3059.10743484502,1734.09582106916,1738.80904220227
24-Aug-2022 09:59:05,1000,815.32461125,3000,3059.96674429894,2564.12665944027,2565.48727412329
24-Aug-2022 09:59:17,1000,960.429763,3000,3061.14592885789,2589.79475902598,2592.19414359414
24-Aug-2022 09:59:29,1000,780.832058,3000,3060.27147738721,1606.61533270092,1609.29040374565
24-Aug-2022 09:59:41,1000,735.0093785,3000,3059.48977076945,2113.65955122973,2116.84233417148
24-Aug-2022 09:59:53,1000,853.5101775,3000,3060.32636719813,2329.0390453708,2334.06629989977
24-Aug-2022 10:00:05,1000,800.05038475,3000,3059.32510133664,1689.9191657451,1694.16320160937
24-Aug-2022 10:00:16,1000,803.74339775,3000,3059.54466058038,2036.33872229058,2039.98148261073
24-Aug-2022 10:00:28,1000,971.75988925,3000,3060.04245438297,2456.32089248533,2457.90498957633
24-Aug-2022 10:00:40,1000,987.03411575,3000,3060.08977318548,2005.94610696099,2008.30136498435
24-Aug-2022 10:00:52,1000,952.79264975,3000,3059.7206865258,2540.95441018483,2542.50404116869
24-Aug-2022 10:01:04,1000,1002.30834225,3000,3060.64813505531,2184.5404608404,2188.29469245945
24-Aug-2022 10:01:16,1000,983.34110275,3000,3060.72005963514,1817.23015632685,1817.48990558217
24-Aug-2022 10:01:28,1000,876.42151725,3000,3059.89860522329,1653.28128452638,1657.32199319797
24-Aug-2022 10:01:40,1000,757.92071825,3000,3060.02352686196,2585.90718208087,2587.77755103593
24-Aug-2022 10:01:52,1000,845.87306425,3000,3059.32510133665,1923.70930166876,1926.15686677664
24-Aug-2022 10:02:04,1000,834.29185075,3000,3059.45191572743,2294.62745521484,2300.97163564235
24-Aug-2022 10:02:16,1000,1078.67947475,3000,3059.35349261817,1707.30801778681,1711.94067388527
24-Aug-2022 10:02:28,1000,841.928964,3000,3059.97620805944,2122.29693393616,2124.76035915978
24-Aug-2022 10:02:40,1000,574.63000025,3000,3058.65128158867,1721.05985721576,1724.49635013605
24-Aug-2022 10:02:52,1000,769.50193175,3000,3059.26453326943,2516.45590993151,2517.07885402999
24-Aug-2022 10:03:04,1000,822.9617245,3000,3059.36484913079,1738.14455344983,1741.59804709834
24-Aug-2022 10:03:16,1000,906.96997025,3000,3059.45570123163,2311.18514860135,2316.31402602543
24-Aug-2022 10:03:28,1000,899.332857,3000,3059.71500826948,2165.98567965331,2169.11069122571
24-Aug-2022 10:03:40,1000,895.38875675,3000,3059.04686677779,2200.09854632192,2205.271542796
24-Aug-2022 10:03:52,1000,830.59883775,3000,3060.09166593759,2574.65225881962,2577.58594300097
24-Aug-2022 10:04:04,1000,918.3000965,3000,3059.60901415183,2065.55271007974,2067.67108974107
24-Aug-2022 10:04:16,1000,807.687498,3000,3060.38314976115,2465.6004872242,2465.57103054937
24-Aug-2022 10:04:28,1000,742.64649175,3000,3060.54971194607,2442.89256060307,2442.67026509066
24-Aug-2022 10:04:40,1000,918.3000965,3000,3059.87021394177,2026.53882740328,2029.51154677708
24-Aug-2022 10:04:51,1000,1029.16378225,3000,3060.58378148386,2399.00337788548,2399.39888276277
24-Aug-2022 10:05:03,1000,689.186699,3000,3059.7755763367,1788.16142767164,1788.50029000959
24-Aug-2022 10:05:15,1000,853.5101775,3000,3059.56926635769,1573.74241111834,1575.45467740699
24-Aug-2022 10:05:27,1000,815.32461125,3000,3060.23172959307,2613.86596407424,2616.18645799163
24-Aug-2022 10:05:39,1000,757.92071825,3000,3060.48725112672,1694.16166791746,1696.81132453326
24-Aug-2022 10:05:51,1000,922.24419675,3000,3058.80648726095,1592.18790247228,1596.41516594825
24-Aug-2022 10:06:03,1000,937.51842325,3000,3059.16421740805,1749.07599177199,1753.95786304635
24-Aug-2022 10:06:15,1000,1029.16378225,3000,3058.84244955086,1791.67070726384,1791.89291116037
24-Aug-2022 10:06:27,1000,796.1062845,3000,3059.3818838997,2637.32746171745,2639.21207007607
24-Aug-2022 10:06:39,1000,754.22770525,3000,3059.26831877363,2337.75606232217,2343.19842968881
24-Aug-2022 10:06:51,1000,723.67925225,3000,3059.67715322746,2585.63392908943,2587.02274437207
24-Aug-2022 10:07:03,1000,884.0586305,3000,3060.2828338998,1593.87473959113,1598.31191835395
24-Aug-2022 10:07:15,1000,708.40502575,3000,3059.63551268123,2186.24015711151,2189.96580463332
24-Aug-2022 10:07:27,1000,834.29185075,3000,3059.80586037032,1846.53702605405,1848.8596247168
24-Aug-2022 10:07:39,1000,822.9617245,3000,3059.53330406776,2542.24813488845,2543.78228735514
24-Aug-2022 10:07:51,1000,841.928964,3000,3059.76611257621,1774.15148632569,1775.27800150028
24-Aug-2022 10:08:03,1000,792.4132715,3000,3059.9478167779,2573.83854438484,2576.38329201909
24-Aug-2022 10:08:15,1000,761.8648185,3000,3059.36674188289,2210.53123630616,2214.96834585558
24-Aug-2022 10:08:27,1000,914.6070835,3000,3059.58819387871,1874.20987391195,1875.70279463224
24-Aug-2022 10:08:39,1000,754.22770525,3000,3059.17557392067,1860.21100238784,1861.01212654316
24-Aug-2022 10:08:51,1000,922.24419675,3000,3060.05002539136,2315.76768452261,2321.76604380993
24-Aug-2022 10:09:03,1000,945.1555365,3000,3059.53708957197,2594.92867243487,2598.71594806158
24-Aug-2022 10:09:15,1000,880.11453025,3000,3060.05948915188,2470.68858138975,2471.02877524329
24-Aug-2022 10:09:27,1000,941.21143625,3000,3059.54276782827,1626.60272510026,1629.72287123678
24-Aug-2022 10:09:39,1000,735.0093785,3000,3059.32510133667,1522.14481744927,1524.76580197564
24-Aug-2022 10:09:51,1000,895.38875675,3000,3059.01279723997,1719.36896685346,1723.36356744932
24-Aug-2022 10:10:03,1000,796.1062845,3000,3058.85191331138,2181.16544507407,2186.78622451362
24-Aug-2022 10:10:15,1000,884.0586305,3000,3059.70365175687,2133.43747495285,2137.85207413392
24-Aug-2022 10:10:27,1000,746.590592,3000,3059.16611016016,2236.70802872008,2241.64085386981
24-Aug-2022 10:10:39,1000,960.429763,3000,3059.88535595858,2457.77785642,2458.98737546002
24-Aug-2022 10:10:50,1000,643.3640195,3000,3059.41784618962,2305.88331423151,2311.32703328726
24-Aug-2022 10:11:02,1000,841.928964,3000,3060.26958463509,2480.41705304578,2482.52840939379
24-Aug-2022 10:11:14,1000,830.59883775,3000,3060.63299303852,2264.58953475368,2269.62596952711
24-Aug-2022 10:11:26,1000,765.5578315,3000,3060.21848032837,1674.83234687259,1679.32592463868
24-Aug-2022 10:11:38,1000,975.7039895,3000,3059.56926635768,1918.21616436631,1920.41964890215
24-Aug-2022 10:11:50,1000,838.235951,3000,3060.31879618972,1997.37799010184,1999.34676938788
24-Aug-2022 10:12:02,1000,975.7039895,3000,3059.55412434089,1718.66694268608,1722.16320723121
24-Aug-2022 10:12:14,1000,1071.0423615,3000,3059.48598526523,1720.15636625126,1723.50903094903
24-Aug-2022 10:12:26,1000,800.05038475,3000,3059.68283148376,2435.79246389818,2436.75780378739
24-Aug-2022 10:12:38,1000,864.84030375,3000,3059.78314734511,1972.11063069741,1974.19876466597
24-Aug-2022 10:12:50,1000,933.574323,3000,3059.76421982409,2169.87101387129,2174.27292739267
24-Aug-2022 10:13:02,1000,899.332857,3000,3059.81153862662,2533.88885054307,2536.50796698764
24-Aug-2022 10:13:14,1000,975.7039895,3000,3058.96169293323,1587.76988010061,1591.23116752542
24-Aug-2022 10:13:26,1000,792.4132715,3000,3059.02036824839,2544.03236041491,2545.41903807237
24-Aug-2022 10:13:38,1000,906.96997025,3000,3059.29103179882,1917.69390437159,1920.66476062608
24-Aug-2022 10:13:50,1000,765.5578315,3000,3058.63992507605,1730.93940845256,1735.5618845512
24-Aug-2022 10:14:02,1000,750.283605,3000,3058.96737118954,2338.6132131756,2344.90161255552
24-Aug-2022 10:14:14,1000,876.42151725,3000,3059.55223158877,2595.15912651819,2598.43647488103
24-Aug-2022 10:14:26,1000,853.5101775,3000,3059.35538537027,1529.32426820635,1530.50072908636
24-Aug-2022 10:14:38,1000,945.1555365,3000,3058.36358326929,2120.91544279237,2123.29656110755
24-Aug-2022 10:14:50,1000,979.3970025,3000,3059.78125459301,2553.02228885566,2555.95769681927
24-Aug-2022 10:15:02,1000,853.5101775,3000,3059.9061762317,2173.05498947687,2178.21762261322
24-Aug-2022 10:15:14,1000,918.3000965,3000,3059.32699408875,1666.85862806711,1670.93485693087
24-Aug-2022 10:15:26,1000,899.332857,3000,3059.45380847953,2573.28991817525,2576.31685986961
24-Aug-2022 10:15:38,1000,971.75988925,3000,3059.14528988705,2231.54129253686,2236.62751734822
24-Aug-2022 10:15:50,1000,723.67925225,3000,3060.01974135776,2646.48881405759,2649.92597225175
24-Aug-2022 10:16:02,1000,761.8648185,3000,3060.29229766031,2573.9448386322,2577.80700170526
24-Aug-2022 10:16:14,1000,968.06687625,3000,3060.25254986619,2645.58230287813,2649.30059374118
24-Aug-2022 10:16:26,1000,887.7516435,3000,3059.87399944596,1670.3969960809,1674.97118270241
24-Aug-2022 10:16:38,1000,983.34110275,3000,3059.73772129468,1943.86799664341,1946.94783879856
24-Aug-2022 10:16:50,1000,750.283605,3000,3060.49292938303,2398.31972774686,2398.89491473227
24-Aug-2022 10:17:02,1000,716.042139,3000,3059.90996173591,2641.60193093437,2645.42118528822
24-Aug-2022 10:17:13,1000,914.6070835,3000,3059.6090141518,1615.6814434139,1619.9619267915
24-Aug-2022 10:17:25,1000,864.84030375,3000,3059.36484913077,1826.2668256269,1828.19464470266
24-Aug-2022 10:17:37,1000,861.14729075,3000,3059.4140606854,2215.15394680694,2219.30705244543
24-Aug-2022 10:17:49,1000,887.7516435,3000,3059.5919793829,2532.83854565677,2535.82646476458
24-Aug-2022 10:18:01,1000,994.671229,3000,3059.46516499213,2033.06452854971,2037.28181750189
24-Aug-2022 10:18:13,1000,658.638246,3000,3059.80586037034,2521.51682894699,2522.72558673536
24-Aug-2022 10:18:25,1000,761.8648185,3000,3053.96104188216,2035.58387732221,2040.0479147602
24-Aug-2022 10:18:37,1000,933.574323,3000,3059.97999356362,1830.23474948223,1830.96646887037
24-Aug-2022 10:18:49,1000,822.9617245,3000,3059.85696467705,2070.4670477746,2072.78751063253
24-Aug-2022 10:19:01,1000,971.75988925,3000,3059.71879377366,1992.62967378035,1996.2851636026
24-Aug-2022 10:19:13,1000,819.01762425,3000,3059.55033883668,2229.58145673178,2234.14203865235
24-Aug-2022 10:19:25,1000,761.8648185,3000,3060.15034125273,2127.21628162385,2131.67617499651
24-Aug-2022 10:19:37,1000,800.05038475,3000,3059.11122034923,1944.98856827355,1948.00273551694
24-Aug-2022 10:19:49,1000,864.84030375,3000,3059.87210669386,2525.26286310534,2527.38729101747
24-Aug-2022 10:20:01,1000,811.380511,3000,3060.82794650492,2556.81850513494,2560.03640172066
24-Aug-2022 10:20:13,1000,937.51842325,3000,3061.62100963528,2691.16957203019,2694.55692288004
24-Aug-2022 10:20:25,1000,922.24419675,3000,3061.1364650974,2265.67910352742,2271.87091802662
24-Aug-2022 10:20:37,1000,826.6547375,3000,3060.02163410986,1817.13781502759,1817.99501899456
24-Aug-2022 10:20:49,1000,884.0586305,3000,3060.13330648382,1585.31142158132,1589.4180279975
24-Aug-2022 10:21:01,1000,815.32461125,3000,3059.83803715606,1743.3864882129,1747.07984481191
24-Aug-2022 10:21:13,1000,807.687498,3000,3059.52762581146,2672.3287040457,2675.12322839486
24-Aug-2022 10:21:25,1000,735.0093785,3000,3059.80018211404,2191.16317908767,2195.8049614958
24-Aug-2022 10:21:37,1000,880.11453025,3000,3059.14907539126,1837.67307682846,1839.28194137356
24-Aug-2022 10:21:48,1000,666.27535925,3000,3058.76484671474,2010.46143941608,2014.52078863347
24-Aug-2022 10:22:00,1000,803.74339775,3000,3058.80459450885,2375.01719833892,2375.64824394355
24-Aug-2022 10:22:12,1000,891.69574375,3000,3060.08220217708,2294.50414185053,2301.30723253539
24-Aug-2022 10:22:24,1000,868.784404,3000,3059.60333589552,1772.20279585033,1774.04327982556
24-Aug-2022 10:22:36,1000,792.4132715,3000,3059.67526047535,1703.51590295555,1708.16549518406
24-Aug-2022 10:22:48,1000,738.95347875,3000,3058.75916845843,2470.62474381436,2471.21547249096
24-Aug-2022 10:23:00,1000,968.06687625,3000,3059.06390154671,1882.16792363422,1883.59333045523
24-Aug-2022 10:23:12,1000,899.332857,3000,3059.27778253413,2149.58035617385,2154.62504649449
24-Aug-2022 10:23:24,1000,903.02587,3000,3061.19703316467,2414.73406881655,2416.92208025966
24-Aug-2022 10:23:36,1000,872.477417,3000,3059.63361992913,2217.1839751359,2222.69280130488
24-Aug-2022 10:23:48,1000,849.56607725,3000,3059.99135007622,2540.43689867843,2542.53382109777
24-Aug-2022 10:24:00,1000,994.671229,3000,3060.13709198801,2480.64541294839,2482.41501658693
24-Aug-2022 10:24:12,1000,708.40502575,3000,3060.16926877374,2430.98127650712,2432.68368041355
24-Aug-2022 10:24:24,1000,800.05038475,3000,3059.90806898379,1965.10086860588,1968.75132840902
24-Aug-2022 10:24:36,1000,979.3970025,3000,3059.069579803,1645.39246916725,1649.44863810331
24-Aug-2022 10:24:48,1000,800.05038475,3000,3060.0670601603,2497.21974442363,2498.44234533866
24-Aug-2022 10:25:00,1000,1044.43800875,3000,3059.67715322744,2385.70875460677,2388.32876682009
24-Aug-2022 10:25:12,1000,876.42151725,3000,3060.70870312255,2575.71117962218,2578.65000277445
24-Aug-2022 10:25:24,1000,830.59883775,3000,3059.45948673583,1619.17619544344,1623.63860265038
24-Aug-2022 10:25:36,1000,1177.961947,3000,3059.60901415183,2589.03645370926,2591.7760792052
24-Aug-2022 10:25:48,1000,761.8648185,3000,3059.79639660983,1758.03809275996,1761.93659327468
24-Aug-2022 10:26:00,1000,895.38875675,3000,3059.73772129468,2684.03739171926,2687.73731912188
24-Aug-2022 10:26:12,1000,979.3970025,3000,3059.54844608457,2069.13253554721,2070.91366586458
24-Aug-2022 10:26:24,1000,742.64649175,3000,3059.12257686183,2298.57381486071,2306.1178364629
24-Aug-2022 10:26:36,1000,925.93720975,3000,3059.49355627364,2188.98145218075,2193.62873590955
24-Aug-2022 10:26:48,1000,757.92071825,3000,3058.93897990804,1708.41191977773,1713.33689440613
24-Aug-2022 10:27:00,1000,887.7516435,3000,3058.95222917273,2525.63557194943,2528.05733942166
24-Aug-2022 10:27:12,1000,994.671229,3000,3059.55601709299,2403.36844075246,2404.17397985176
24-Aug-2022 10:27:24,1000,830.59883775,3000,3060.07652392079,2660.03088924596,2663.30288731584
24-Aug-2022 10:27:36,1000,1048.13102175,3000,3059.98188631574,2218.17295328337,2224.73387182841
24-Aug-2022 10:27:48,1000,903.02587,3000,3059.17178841645,1619.29038332603,1623.71534323684
24-Aug-2022 10:28:00,1000,716.042139,3000,3058.92383789122,1722.43641495926,1726.56147367922
24-Aug-2022 10:28:12,1000,857.2031905,3000,3059.35917087446,2467.66332557943,2467.50214441169
24-Aug-2022 10:28:24,1000,1044.43800875,3000,3077.20214493138,2542.51404199914,2544.77876959727
24-Aug-2022 10:28:36,1000,925.93720975,3000,3058.80270175675,2106.77995089866,2111.03753876562
24-Aug-2022 10:28:48,1000,769.50193175,3000,3059.42730995011,2469.40622938213,2470.54427870489
24-Aug-2022 10:29:00,1000,899.332857,3000,3058.94276541221,2570.51890522053,2573.88635950435
24-Aug-2022 10:29:12,1000,971.75988925,3000,3059.00144072737,2447.86976846164,2448.28950863075
24-Aug-2022 10:29:24,1000,872.477417,3000,3059.78314734512,2392.90439659589,2394.41532617027
24-Aug-2022 10:29:36,1000,868.784404,3000,3059.02983200888,1896.55941168877,1899.11669117654
24-Aug-2022 10:29:48,1000,979.3970025,3000,3059.50680553835,1731.54153026306,1736.85845684786
24-Aug-2022 10:30:00,1000,1063.40524825,3000,3058.5509657273,2532.46421720291,2535.4668148519
24-Aug-2022 10:30:12,1000,975.7039895,3000,3058.33519198778,1691.77042200482,1695.36814335501
24-Aug-2022 10:30:24,1000,1044.43800875,3000,3057.62351719778,1872.08329238021,1874.08895155275
24-Aug-2022 10:30:36,1000,998.61532925,3000,3057.94717780704,2150.13268565912,2154.95606185998
24-Aug-2022 10:30:48,1000,876.42151725,3000,3057.98314009696,1573.3492958069,1576.22093788972
24-Aug-2022 10:31:00,1000,945.1555365,3000,3057.42477822715,2199.76349992868,2205.45594927989
24-Aug-2022 10:31:12,1000,1013.88955575,3000,3058.36358326929,2469.64642317828,2470.46181120898
24-Aug-2022 10:31:24,1000,880.11453025,3000,3058.10049072725,1954.68901473779,1956.55873821657
24-Aug-2022 10:31:36,1000,803.74339775,3000,3057.8506474499,1983.64530996833,1987.89638665857
24-Aug-2022 10:31:48,1000,861.14729075,3000,3058.03424440371,2288.61014395499,2295.52076323973
24-Aug-2022 10:31:59,1000,945.1555365,3000,3058.39197455081,2649.68468433266,2653.71718629936
24-Aug-2022 10:32:11,1000,773.19494475,3000,3058.95790742904,2590.25406165635,2592.84701127002
24-Aug-2022 10:32:23,1000,933.574323,3000,3058.45064986595,1954.49703998238,1956.69503866119
24-Aug-2022 10:32:35,1000,964.122776,3000,3057.8563257062,2346.32753553525,2351.19204988166
24-Aug-2022 10:32:47,1000,800.05038475,3000,3057.91121551713,1687.68295106942,1691.85525710605
24-Aug-2022 10:32:59,1000,845.87306425,3000,3057.57430564314,1774.96255193136,1776.93880523717
24-Aug-2022 10:33:11,1000,1063.40524825,3000,3057.0008017565,2156.04228556699,2161.04491197393
24-Aug-2022 10:33:23,1000,853.5101775,3000,3054.82413684025,2651.13481840529,2655.10080761946
24-Aug-2022 10:33:35,1000,971.75988925,3000,3056.91373515986,1619.26331544909,1623.7096163274
24-Aug-2022 10:33:47,1000,800.05038475,3000,3052.99952381479,2169.755933596,2174.42182703805
24-Aug-2022 10:33:59,1000,822.9617245,3000,3052.61150963405,1912.84625946815,1915.07186086942
24-Aug-2022 10:34:11,1000,1036.8008955,3000,3052.161034634,1828.10107396517,1830.26549515523
24-Aug-2022 10:34:23,1000,906.96997025,3000,3051.86576530623,1562.11245505584,1565.93655392186
24-Aug-2022 10:34:35,1000,792.4132715,3000,3051.57806698687,2370.95587614005,2372.79166151612
24-Aug-2022 10:34:47,1000,960.429763,3000,3051.95661740709,1526.35442165178,1528.44247783452
24-Aug-2022 10:34:59,1000,910.66298325,3000,3051.8089827432,2487.57696201044,2488.91734956225
24-Aug-2022 10:35:11,1000,838.235951,3000,3052.39384314244,2141.44323498077,2145.28331182003
24-Aug-2022 10:35:23,1000,796.1062845,3000,3051.98500868858,1740.09965861264,1744.26449613243
24-Aug-2022 10:35:35,1000,983.34110275,3000,3051.76923494908,1652.99622169481,1657.61750172494
24-Aug-2022 10:35:47,1000,906.96997025,3000,3051.89037108353,2387.46928796464,2389.16718636174
24-Aug-2022 10:35:59,1000,750.283605,3000,3050.81528789012,1643.60248524935,1647.53814111495
24-Aug-2022 10:36:11,1000,777.139045,3000,3051.13705574731,1864.93658859015,1866.96124006684
24-Aug-2022 10:36:23,1000,849.56607725,3000,3051.06134566327,2107.35868158044,2111.77860084684
24-Aug-2022 10:36:35,1000,849.56607725,3000,3051.00267034811,1646.65003490733,1650.28018535363
24-Aug-2022 10:36:47,1000,895.38875675,3000,3050.83610816323,2278.17218768037,2284.12192269533
24-Aug-2022 10:36:59,1000,1044.43800875,3000,3051.18626730193,1844.93262541552,1848.14834256467
24-Aug-2022 10:37:11,1000,884.0586305,3000,3050.70550826826,1841.7429004702,1843.42822380629
24-Aug-2022 10:37:23,1000,838.235951,3000,3050.31370858334,1850.30599372169,1852.98185412991
24-Aug-2022 10:37:35,1000,811.380511,3000,3048.86764597811,1784.40451240471,1785.28176690572
24-Aug-2022 10:37:47,1000,933.574323,3000,3050.34588536905,2315.07949828299,2322.01459167952
24-Aug-2022 10:37:59,1000,857.2031905,3000,3050.15471740684,1785.40662615309,1786.30115678559
24-Aug-2022 10:38:11,1000,922.24419675,3000,3049.13263127226,1700.4461675825,1704.42582332137
24-Aug-2022 10:38:23,1000,769.50193175,3000,3050.12064786902,2043.94351548897,2047.54672997767
24-Aug-2022 10:38:35,1000,761.8648185,3000,3050.11875511693,2019.15019136152,2022.93247321527
24-Aug-2022 10:38:47,1000,910.66298325,3000,3050.63926194468,1916.78043161679,1919.87673788748
24-Aug-2022 10:38:59,1000,658.638246,3000,3049.558500495,1883.20771826068,1885.01474937762
24-Aug-2022 10:39:11,1000,735.0093785,3000,3049.69856415048,2554.72276639948,2558.10185171268
24-Aug-2022 10:39:23,1000,952.79264975,3000,3050.81339513802,2301.70201186718,2307.2998705708
24-Aug-2022 10:39:35,1000,891.69574375,3000,3049.64556709164,1714.13801816376,1718.25058270351
24-Aug-2022 10:39:46,1000,861.14729075,3000,3050.97049356242,2669.83286297377,2674.24472048714
24-Aug-2022 10:39:58,1000,765.5578315,3000,3049.28405144035,1512.67314682504,1514.37604287412
24-Aug-2022 10:40:10,1000,918.3000965,3000,3050.16985942363,2387.79662668997,2390.5634068826
24-Aug-2022 10:40:22,1000,876.42151725,3000,3051.16923253302,2593.63604811856,2597.51673322537
24-Aug-2022 10:40:34,1000,834.29185075,3000,3050.38563316318,2436.556210163,2438.85728878717
24-Aug-2022 10:40:46,1000,1040.4939085,3000,3051.26576289019,2517.03402398778,2518.77630998727
24-Aug-2022 10:40:58,1000,1013.88955575,3000,3052.09100280626,2403.23772518358,2404.17283446988
24-Aug-2022 10:41:10,1000,757.92071825,3000,3051.72191614656,2650.30359003229,2654.55331507724
24-Aug-2022 10:41:22,1000,945.1555365,3000,3051.90740585239,1582.76273210165,1585.03006998649
24-Aug-2022 10:41:34,1000,662.58234625,3000,3050.63547644054,1517.25338910876,1519.47642841916
24-Aug-2022 10:41:46,1000,765.5578315,3000,3050.62033442372,1647.87597353066,1652.4174679557
24-Aug-2022 10:41:58,1000,853.5101775,3000,3049.90298137739,2068.14755710914,2070.41771550729
24-Aug-2022 10:42:10,1000,757.92071825,3000,3049.82537854126,1630.01765683377,1633.95047578355
24-Aug-2022 10:42:22,1000,834.29185075,3000,3050.0846855791,1812.69007385132,1813.04009694925
24-Aug-2022 10:42:34,1000,899.332857,3000,3049.2026631,1661.43115957454,1667.1207352455
24-Aug-2022 10:42:46,1000,884.0586305,3000,3048.75597360414,2156.80388587504,2162.19602077087
24-Aug-2022 10:42:58,1000,834.29185075,3000,3049.56607150339,1516.93396631781,1520.12471456748
24-Aug-2022 10:43:10,1000,834.29185075,3000,3049.26701667144,2693.56922222598,2698.18892884531
24-Aug-2022 10:43:22,1000,868.784404,3000,3050.44430847831,2559.63924754338,2561.95720714602
24-Aug-2022 10:43:34,1000,716.042139,3000,3049.7383119446,1666.4550463272,1671.34261288282
24-Aug-2022 10:43:46,1000,738.95347875,3000,3050.05818704969,2422.03683061202,2423.58247593549
24-Aug-2022 10:43:58,1000,987.03411575,3000,3049.45818463364,2005.44277360761,2009.21423434868
24-Aug-2022 10:44:10,1000,910.66298325,3000,3049.32190648235,1955.56771626979,1958.34782472485
24-Aug-2022 10:44:22,1000,796.1062845,3000,3049.30865721766,1672.05214941346,1677.43948066997
24-Aug-2022 10:44:34,1000,750.283605,3000,3048.68215627219,2449.5467088139,2450.23436707573
24-Aug-2022 10:44:46,1000,769.50193175,3000,3050.20582171357,2234.18036919816,2239.40392304353
24-Aug-2022 10:44:58,1000,811.380511,3000,3049.62474681854,2092.41908684664,2095.49241578846
24-Aug-2022 10:45:10,1000,864.84030375,3000,3049.33326299495,1915.04239628331,1918.35452535899
24-Aug-2022 10:45:22,1000,1002.30834225,3000,3049.61528305802,2216.24663475036,2221.20953176057
24-Aug-2022 10:45:34,1000,876.42151725,3000,3050.0903638354,2332.5479683486,2337.94227220707
24-Aug-2022 10:45:46,1000,895.38875675,3000,3050.39509692368,2615.39745731774,2618.36268357787
24-Aug-2022 10:45:58,1000,712.09803875,3000,3051.74841467597,2438.46359370311,2439.9637276905
24-Aug-2022 10:46:10,1000,899.332857,3000,3049.98247696564,1690.77532845006,1694.41404024272
24-Aug-2022 10:46:22,1000,956.48566275,3000,3051.00077759602,2412.94885531065,2414.89589970067
24-Aug-2022 10:46:34,1000,918.3000965,3000,3050.51623305815,2551.55890690916,2554.70121288868
24-Aug-2022 10:46:46,1000,1052.075122,3000,3050.11307686061,1553.90088555542,1556.10459579955
24-Aug-2022 10:46:58,1000,929.88131,3000,3050.9610298019,2607.3009766101,2610.23734446796
24-Aug-2022 10:47:10,1000,868.784404,3000,3049.87837560008,1874.43310771897,1876.13574898571
24-Aug-2022 10:47:22,1000,841.928964,3000,3049.61339030594,1940.74469744447,1944.42914402794
24-Aug-2022 10:47:34,1000,964.122776,3000,3050.48594902454,2665.78717658925,2669.89685084218
24-Aug-2022 10:47:46,1000,887.7516435,3000,3050.4234882052,1790.39922819437,1790.85634055219
24-Aug-2022 10:47:58,1000,998.61532925,3000,3050.19635795306,2177.66084621369,2183.35580576055
24-Aug-2022 10:48:10,1000,861.14729075,3000,3049.99761898243,1576.93136335825,1579.36501117091
24-Aug-2022 10:48:22,1000,983.34110275,3000,3049.00960238567,1881.48037814796,1882.58310363046
24-Aug-2022 10:48:34,1000,853.5101775,3000,3049.11181099913,1893.69246749574,1896.64839320897
24-Aug-2022 10:48:46,1000,769.50193175,3000,3048.85628946549,2268.12793113231,2274.7412450367
24-Aug-2022 10:48:58,1000,1113.172028,3000,3050.06575805808,2616.03881842913,2619.10718180475
24-Aug-2022 10:49:10,1000,803.74339775,3000,3049.13830952857,1866.08824279174,1868.24063163517
24-Aug-2022 10:49:24,1000,1036.8008955,3000,3050.57490837327,1617.51689811695,1622.21260220043
24-Aug-2022 10:49:36,1000,815.32461125,3000,3049.17427181847,2193.82914762437,2199.42322287842
24-Aug-2022 10:49:48,1000,853.5101775,3000,3048.89225175542,1621.75698997773,1625.96029173634
24-Aug-2022 10:50:00,1000,769.50193175,3000,3048.70108379321,1909.9034999768,1911.89228074972
24-Aug-2022 10:50:12,1000,819.01762425,3000,3048.48152454948,1775.4052444458,1777.47255319673
24-Aug-2022 10:50:24,1000,769.50193175,3000,3048.44745501166,2113.7705395926,2117.06339287577
24-Aug-2022 10:50:36,1000,784.77615825,3000,3048.8808952428,2613.49405635262,2616.34108454644
24-Aug-2022 10:50:48,1000,800.05038475,3000,3049.11370375125,2424.36530266801,2426.21456351296
24-Aug-2022 10:51:00,1000,830.59883775,3000,3049.18562833108,2348.18713316601,2353.15294367306
24-Aug-2022 10:51:12,1000,1174.268934,3000,3050.11496961271,2420.58027550222,2422.13013170213
24-Aug-2022 10:51:24,1000,929.88131,3000,3049.66638736478,2318.0107101686,2324.54932179655
24-Aug-2022 10:51:36,1000,880.11453025,3000,3049.94651467571,2230.56796032946,2236.2816120182
24-Aug-2022 10:51:48,1000,849.56607725,3000,3050.29099555813,2142.93300094811,2147.01054770638
24-Aug-2022 10:52:00,1000,723.67925225,3000,3049.64556709165,2364.4514368394,2368.05092588375
24-Aug-2022 10:52:12,1000,853.5101775,3000,3049.71370616729,2581.70452346645,2584.31849773568
24-Aug-2022 10:52:24,1000,884.0586305,3000,3050.03168852027,2598.18002606135,2602.49685367223
24-Aug-2022 10:52:36,1000,933.574323,3000,3050.13389713373,1944.16841843178,1947.44264377396
24-Aug-2022 10:52:48,1000,773.19494475,3000,3049.66449461266,2145.32653691334,2149.23258856814
24-Aug-2022 10:53:00,1000,987.03411575,3000,3049.80266551603,2361.53436437419,2365.60553555394
24-Aug-2022 10:53:12,1000,826.6547375,3000,3049.76670322612,2157.98366495912,2163.53039066981
24-Aug-2022 10:53:24,1000,800.05038475,3000,3053.50299587372,2688.71181014516,2693.87771142075
24-Aug-2022 10:53:36,1000,1009.9454555,3000,3050.28153179763,1686.16495813127,1691.44291962655
24-Aug-2022 10:53:48,1000,987.03411575,3000,3049.95408568412,2326.44053382437,2332.46161987539
24-Aug-2022 10:54:00,1000,948.8485495,3000,3050.7963603691,2652.54827594707,2655.60019412241
24-Aug-2022 10:54:12,1000,903.02587,3000,3049.82537854126,2204.71532185922,2211.31114148879
24-Aug-2022 10:54:24,1000,861.14729075,3000,3049.77995249084,1552.71348723693,1555.48494419842
24-Aug-2022 10:54:36,1000,845.87306425,3000,3049.9010886253,2638.31308958687,2641.09278713535
24-Aug-2022 10:54:48,1000,891.69574375,3000,3050.02790301607,1987.60258956132,1991.44248898226
24-Aug-2022 10:55:00,1000,876.42151725,3000,3049.99194072615,2385.17403849268,2387.72515056538
24-Aug-2022 10:55:12,1000,811.380511,3000,3050.06007980178,2206.20139703591,2211.34435756353
24-Aug-2022 10:55:24,1000,990.978216,3000,3049.39383106219,1971.87178935293,1973.93761759562
24-Aug-2022 10:55:36,1000,868.784404,3000,3050.02222475976,1950.85790280709,1953.15580862881
24-Aug-2022 10:55:48,1000,1097.8978015,3000,3049.63988883533,1970.07559133195,1974.98678740457
24-Aug-2022 10:56:00,1000,1116.865041,3000,3049.56796425549,1664.46599347564,1670.89591394669
24-Aug-2022 10:56:12,1000,929.88131,3000,3049.2424108941,1673.41635415296,1677.87930731477
24-Aug-2022 10:56:24,1000,822.9617245,3000,3049.48468316304,2199.62758407846,2204.85462378895
24-Aug-2022 10:56:35,1000,784.77615825,3000,3049.77048873031,2291.72837037122,2298.78166547345
24-Aug-2022 10:56:48,1000,773.19494475,3000,3049.39761656641,2079.17928443507,2083.4384168044
24-Aug-2022 10:57:00,1000,807.687498,3000,3048.86007496969,2280.83696001142,2286.30043904535
24-Aug-2022 10:57:12,1000,796.1062845,3000,3049.42600784792,1824.83971758094,1827.83614017187
24-Aug-2022 10:57:24,1000,735.0093785,3000,3049.11938200753,2072.94449221175,2075.39096366282
24-Aug-2022 10:57:36,1000,960.429763,3000,3049.13263127225,2012.79944819713,2017.28230436423
24-Aug-2022 10:57:48,1000,777.139045,3000,3049.02474440249,2400.16778964541,2401.229203019
24-Aug-2022 10:58:00,1000,777.139045,3000,3048.90928652432,1852.78883581796,1855.71358993159
24-Aug-2022 10:58:12,1000,895.38875675,3000,3049.68720763786,2328.23258346821,2333.53484270397
24-Aug-2022 10:58:24,1000,983.34110275,3000,3052.53012129376,2322.88918403275,2328.9052091147
24-Aug-2022 10:58:36,1000,960.429763,3000,3049.17616457057,1875.75550168912,1877.7587551203
24-Aug-2022 10:58:48,1000,1006.2524425,3000,3049.32001373026,2214.16710145882,2220.02635227078
24-Aug-2022 10:59:00,1000,868.784404,3000,3049.87269734378,2594.57394648698,2598.77550791973
24-Aug-2022 10:59:12,1000,903.02587,3000,3049.81780753283,2654.49956793295,2657.80047272829
24-Aug-2022 10:59:24,1000,975.7039895,3000,3050.09225658751,2181.77852150522,2187.52270506728
24-Aug-2022 10:59:36,1000,1090.26068825,3000,3049.7402046967,2205.99393801359,2210.7143975254
24-Aug-2022 10:59:48,1000,887.7516435,3000,3050.61844167162,2613.92400034133,2616.36628294796
24-Aug-2022 11:00:00,1000,742.64649175,3000,3049.30865721765,1558.91298656678,1561.25423276576
24-Aug-2022 11:00:12,1000,952.79264975,3000,3049.61717581012,2228.54021353206,2234.32529975435
24-Aug-2022 11:00:24,1000,914.6070835,3000,3049.78184524292,2478.89608503487,2481.40593514404
24-Aug-2022 11:00:36,1000,880.11453025,3000,3049.57364251179,2180.78458420114,2186.84120284422
24-Aug-2022 11:00:48,1000,948.8485495,3000,3050.24556950769,2479.29723266212,2481.80910956844
24-Aug-2022 11:01:00,1000,884.0586305,3000,3049.3919383101,2045.08525492018,2048.50312385374
24-Aug-2022 11:01:12,1000,803.74339775,3000,3049.32947749077,1757.74138094857,1761.98699007773
24-Aug-2022 11:01:24,1000,1002.30834225,3000,3049.17427181848,1857.66869547738,1860.1931784936
24-Aug-2022 11:01:36,1000,891.69574375,3000,3048.05754807883,1720.49772076351,1724.85370928496
24-Aug-2022 11:01:48,1000,990.978216,3000,3050.08090007489,2522.41810478303,2524.72885965659
24-Aug-2022 11:02:00,1000,819.01762425,3000,3048.63105196546,2107.45524117657,2112.18635679879
24-Aug-2022 11:02:12,1000,864.84030375,3000,3048.17868421329,1561.75243205767,1565.40624210795
24-Aug-2022 11:02:24,1000,918.3000965,3000,3048.67837076799,1840.46818836091,1842.75703002021
24-Aug-2022 11:02:36,1000,891.69574375,3000,3048.29603484356,1950.23136717696,1952.96567523548
24-Aug-2022 11:02:48,1000,864.84030375,3000,3048.29414209145,2568.91865165902,2570.86942361267
24-Aug-2022 11:03:00,1000,834.29185075,3000,3047.3250530157,1508.9569176675,1510.8769012078
24-Aug-2022 11:03:12,1000,872.477417,3000,3047.93830469645,1989.13432398946,1993.86039014677
24-Aug-2022 11:03:24,1000,971.75988925,3000,3068.16993190508,2522.93229228396,2526.34613888173
24-Aug-2022 11:03:36,1000,918.3000965,3000,3047.68467591491,1515.81782162678,1519.66885257626
24-Aug-2022 11:03:48,1000,746.590592,3000,3047.47458043168,2527.37193506742,2530.53365506244
24-Aug-2022 11:04:00,1000,841.928964,3000,3047.54839776362,1548.12161544355,1551.9308242015
24-Aug-2022 11:04:12,1000,975.7039895,3000,3048.22978852003,2686.71359827584,2691.30861984709
24-Aug-2022 11:04:23,1000,884.0586305,3000,3048.45313326795,2647.49327346863,2651.74942021665
24-Aug-2022 11:04:36,1000,811.380511,3000,3048.35660291081,2009.10537933141,2013.00888454197
24-Aug-2022 11:04:47,1000,910.66298325,3000,3048.7067620495,2093.29160230296,2096.56678399893
24-Aug-2022 11:04:59,1000,903.02587,3000,3048.96985459155,2680.98295037159,2684.72725552154
24-Aug-2022 11:05:11,1000,807.687498,3000,3048.99824587308,2594.87944645117,2599.58185676853
24-Aug-2022 11:05:23,1000,876.42151725,3000,3049.35029776388,1797.64224215513,1799.54062602321
24-Aug-2022 11:05:35,1000,983.34110275,3000,3049.03988641929,2038.78498311099,2044.13692809858
24-Aug-2022 11:05:47,1000,983.34110275,3000,3048.53262885621,1956.26064646622,1958.62958866918
24-Aug-2022 11:05:59,1000,845.87306425,3000,3049.27080217562,2256.17718900068,2261.68045537351
24-Aug-2022 11:06:11,1000,1113.172028,3000,3048.96417633524,2450.1541374768,2450.70282826772
24-Aug-2022 11:06:23,1000,971.75988925,3000,3048.55344912932,1956.72481914346,1959.84712961559
24-Aug-2022 11:06:35,1000,994.671229,3000,3048.89225175542,2332.91183642789,2338.61117522937
24-Aug-2022 11:06:47,1000,983.34110275,3000,3048.44934776376,1807.39493710486,1809.03469648869
24-Aug-2022 11:06:59,1000,834.29185075,3000,3048.88657349911,2459.95884590216,2462.77973488952
24-Aug-2022 11:07:11,1000,903.02587,3000,3048.04808431832,2028.04454232234,2031.78398444189
24-Aug-2022 11:07:23,1000,841.928964,3000,3047.91369891914,1535.5809846333,1537.98579972118
24-Aug-2022 11:07:35,1000,868.784404,3000,3048.02726404521,2240.97242793296,2247.24749820913
24-Aug-2022 11:07:47,1000,1009.9454555,3000,3048.5345216083,2302.85950644798,2309.28138123618
24-Aug-2022 11:07:59,1000,719.735152,3000,3048.23925228055,2288.13413039029,2294.92287389446
24-Aug-2022 11:08:11,1000,849.56607725,3000,3047.92126992756,1689.38849063981,1695.14479388695
24-Aug-2022 11:08:23,1000,872.477417,3000,3050.50298379349,2073.1632198505,2076.27061695242
24-Aug-2022 11:08:35,1000,872.477417,3000,3047.60139482246,1873.25696737179,1876.13918513138
24-Aug-2022 11:08:47,1000,1009.9454555,3000,3047.47268767958,2557.51550361639,2560.69385092409
24-Aug-2022 11:08:59,1000,853.5101775,3000,3048.24871604104,2141.88123265438,2146.60279175443
24-Aug-2022 11:09:11,1000,1136.08336775,3000,3049.28215868823,2668.41014302625,2673.39255636284
24-Aug-2022 11:09:23,1000,975.7039895,3000,3048.21464650322,2024.63928253792,2027.74422252467
24-Aug-2022 11:09:35,1000,956.48566275,3000,3048.09351036875,1773.13511774429,1775.61130762955
24-Aug-2022 11:09:47,1000,773.19494475,3000,3047.62410784768,2235.80838633209,2241.51028033464
24-Aug-2022 11:09:59,1000,891.69574375,3000,3048.75029534784,2570.94979056493,2575.10160968698
24-Aug-2022 11:10:11,1000,834.29185075,3000,3049.09099072603,2545.05474390235,2547.29860974977
24-Aug-2022 11:10:23,1000,822.9617245,3000,3049.21780511677,1576.2978672644,1579.61928594994
24-Aug-2022 11:10:35,1000,914.6070835,3000,3048.43609849904,2517.22755601935,2519.70292393424
24-Aug-2022 11:10:47,1000,765.5578315,3000,3048.07647559984,1897.58826545979,1900.88745157461
24-Aug-2022 11:10:59,1000,765.5578315,3000,3048.12947265868,1699.44002963637,1703.02502127296
24-Aug-2022 11:11:11,1000,1021.526669,3000,3047.87205837292,2372.06830434502,2373.82479597865
24-Aug-2022 11:11:24,1000,1113.172028,3000,3046.93893158707,1970.33163867478,1974.97189744003
24-Aug-2022 11:11:35,1000,937.51842325,3000,3048.02915679731,2085.60878611306,2089.61775208747
24-Aug-2022 11:11:47,1000,807.687498,3000,3047.8304178267,1709.11206443308,1714.79496554892
24-Aug-2022 11:11:59,1000,910.66298325,3000,3047.70171068381,2423.72743878849,2424.99702256655
24-Aug-2022 11:12:11,1000,968.06687625,3000,3048.2827855788,1590.74993312445,1595.85621958715
24-Aug-2022 11:12:23,1000,906.96997025,3000,3047.59950207036,2160.57196527809,2165.61956723261
24-Aug-2022 11:12:35,1000,895.38875675,3000,3047.24934293166,1983.56462059486,1988.25374580747
24-Aug-2022 11:12:47,1000,784.77615825,3000,3047.02978368794,1813.04583329751,1813.98503700644
24-Aug-2022 11:12:59,1000,933.574323,3000,3047.46890217539,2482.8426704388,2485.46975008089
24-Aug-2022 11:13:11,1000,868.784404,3000,3047.4821514401,2313.96485025117,2320.37211405284
24-Aug-2022 11:13:23,1000,841.928964,3000,3039.80325616593,2487.80191556657,2489.6377947695
24-Aug-2022 11:13:35,1000,1036.8008955,3000,3047.61653683927,1773.09712366892,1775.88963542821
24-Aug-2022 11:13:47,1000,784.77615825,3000,3048.03294230151,2593.06201820506,2597.2017532063
24-Aug-2022 11:14:00,1000,784.77615825,3000,3047.82095406619,1549.01482494827,1552.48289827128
24-Aug-2022 11:14:11,1000,834.29185075,3000,3046.29161036849,1836.85032772739,1839.37586268834
24-Aug-2022 11:14:24,1000,925.93720975,3000,3047.07899524257,1630.87286809365,1634.67206637267
24-Aug-2022 11:14:35,1000,910.66298325,3000,3047.06763872994,2342.80657102727,2348.80392864622
24-Aug-2022 11:14:48,1000,757.92071825,3000,3047.19445312072,2287.31594621325,2293.48656500753
24-Aug-2022 11:14:59,1000,746.590592,3000,3047.01274891903,1701.55996323318,1705.89420290115
24-Aug-2022 11:15:11,1000,925.93720975,3000,3047.34208778461,2382.317964965,2385.11253447999
24-Aug-2022 11:15:23,1000,651.00113275,3000,3047.33073127202,2016.10718512734,2020.93149105781
24-Aug-2022 11:15:35,1000,822.9617245,3000,3046.24807707017,2087.66511486887,2092.44111844015
24-Aug-2022 11:15:47,1000,830.59883775,3000,3047.24934293166,1872.60216883525,1875.39239614073
24-Aug-2022 11:15:59,1000,948.8485495,3000,3047.3458732888,2551.36264761228,2555.30368376151
24-Aug-2022 11:16:11,1000,941.21143625,3000,3047.67521215441,2620.8008583336,2624.43664372729
24-Aug-2022 11:16:23,1000,872.477417,3000,3049.26323116721,2436.49560285627,2438.43464287069
24-Aug-2022 11:16:35,1000,1067.3493485,3000,3048.06133358302,2625.89997943929,2629.34002358768
24-Aug-2022 11:16:47,1000,956.48566275,3000,3048.3641739192,1671.59683397468,1676.84273670658
24-Aug-2022 11:16:59,1000,1074.98646175,3000,3047.09981551568,1775.66780209819,1778.01317344764
24-Aug-2022 11:17:11,1000,861.14729075,3000,3047.60896583087,2355.31578489566,2359.46743401884
24-Aug-2022 11:17:23,1000,968.06687625,3000,3048.34713915028,2566.78636983386,2569.90730282717
24-Aug-2022 11:17:35,1000,1009.9454555,3000,3048.81464891927,2668.15645801967,2672.89316985989
24-Aug-2022 11:17:47,1000,983.34110275,3000,3047.72063820483,2079.06977436317,2083.92520410659
24-Aug-2022 11:17:59,1000,1036.8008955,3000,3048.15029293178,1821.25662042959,1824.19153500589
24-Aug-2022 11:18:11,1000,780.832058,3000,3047.27584146105,1735.90281112063,1741.8947010072
24-Aug-2022 11:18:23,1000,1032.85679525,3000,3028.57166519796,2550.69997562856,2554.66914219583
24-Aug-2022 11:18:35,1000,884.0586305,3000,3047.61085858296,2015.28347769321,2020.0163309297
24-Aug-2022 11:18:47,1000,800.05038475,3000,3046.39949723827,1789.66441696495,1791.25149730337
24-Aug-2022 11:18:59,1000,1067.3493485,3000,3047.98751625108,2666.84105648666,2671.60232447267
24-Aug-2022 11:19:11,1000,841.928964,3000,3047.55407601994,1749.37149758409,1754.80200949744
24-Aug-2022 11:19:23,1000,689.186699,3000,3046.72505059966,2087.53124434983,2092.72746391203
24-Aug-2022 11:19:35,1000,964.122776,3000,3047.3250530157,1707.30318549008,1713.14447024903
24-Aug-2022 11:19:47,1000,872.477417,3000,3046.41274650298,2056.08253833546,2060.28452194857
24-Aug-2022 11:19:59,1000,929.88131,3000,3047.51811373001,2335.19891928358,2342.13895144287
24-Aug-2022 11:20:11,1000,754.22770525,3000,3046.50738410804,2501.55745514199,2504.21163390594
24-Aug-2022 11:20:23,1000,765.5578315,3000,3047.3212675115,1871.97781077142,1874.99380324388
24-Aug-2022 11:20:35,1000,956.48566275,3000,3046.98814314171,1801.50162718257,1803.95263705385
24-Aug-2022 11:20:47,1000,861.14729075,3000,3046.87647076774,1974.54652093725,1978.27403342169
24-Aug-2022 11:20:59,1000,994.671229,3000,3046.1647959777,1921.00497705525,1924.91298204682
24-Aug-2022 11:21:11,1000,884.0586305,3000,3045.97552076763,2131.42011969321,2136.77426977778
24-Aug-2022 11:21:23,1000,861.14729075,3000,3046.55281015846,2415.1398703652,2417.98384926938
24-Aug-2022 11:21:35,1000,792.4132715,3000,3045.51179650285,1655.64367591744,1662.77401098245
24-Aug-2022 11:21:47,1000,884.0586305,3000,3046.39381898195,1918.96798612534,1922.52829695704
24-Aug-2022 11:21:59,1000,861.14729075,3000,3046.80833169211,2590.58816488833,2593.71177459508
24-Aug-2022 11:22:11,1000,1021.526669,3000,3046.77994041058,2537.99090208427,2540.20067819294
24-Aug-2022 11:22:23,1000,800.05038475,3000,3047.41211961236,2637.20672776025,2640.44335560514
